pool_seed,random_seed,pool_group_count,pool_size,method,batch_size,risk_budget_per_item,cost_budget_per_item,selected_candidate_ids,full_batch,full_batch_status,selection_event_count,stop_event_count,selected_count,hits,hit_fraction,total_proxy_cost,proxy_cost_normalized_yield,risk_used,mean_predicted_success,jaccard_to_full_test_selection
0,,86,95,top_score,5,0.34999999999999998,2.3989165637663223,"[""mofsimplify_solvent_val_00290_VACLIX"",""mofsimplify_solvent_test_00021_BADYAJ""]",False,stopped_before_requested_batch,2,1,2,2,1,3.9414400000000001,0.50742900000000002,1.1799580000000001,0.70058900000000002,1
0,,86,95,uncertainty,5,0.34999999999999998,2.3989165637663223,"[""mofsimplify_solvent_val_00343_ZAHLEC"",""mofsimplify_solvent_test_00306_RAHMAP""]",False,stopped_before_requested_batch,2,1,2,1,0.5,2.9892620000000001,0.33453100000000002,1.499849,0.50014700000000001,0
0,,86,95,cost_aware,5,0.34999999999999998,2.3989165637663223,"[""mofsimplify_solvent_val_00348_ZUQMAB"",""mofsimplify_solvent_test_00075_EBIJAC""]",False,stopped_before_requested_batch,2,1,2,2,1,2.672838,0.74826800000000004,1.449403,0.54461499999999996,0.33333333333333331
0,,86,95,portfolio_batch,5,0.34999999999999998,2.3989165637663223,"[""mofsimplify_solvent_val_00290_VACLIX"",""mofsimplify_solvent_test_00021_BADYAJ""]",False,stopped_before_requested_batch,2,1,2,2,1,3.9414400000000001,0.50742900000000002,1.1799580000000001,0.70058900000000002,1
0,0,86,95,random_baseline,5,0.34999999999999998,2.3989165637663223,"[""mofsimplify_solvent_test_00376_VUMCEM"",""mofsimplify_solvent_val_00260_SEVLEM""]",False,stopped_before_requested_batch,2,1,2,1,0.5,5.1920950000000001,0.19259999999999999,1.4016789999999999,0.57983300000000004,0
0,1,86,95,random_baseline,5,0.34999999999999998,2.3989165637663223,"[""mofsimplify_solvent_val_00100_GUPBEZ02"",""mofsimplify_solvent_test_00335_TACJIS""]",False,stopped_before_requested_batch,2,1,2,2,1,7.3375450000000004,0.27257100000000001,1.526751,0.45256099999999999,0
0,2,86,95,random_baseline,5,0.34999999999999998,2.3989165637663223,"[""mofsimplify_solvent_test_00359_UMEKII"",""mofsimplify_solvent_val_00335_YEKXUJ""]",False,stopped_before_requested_batch,2,1,2,2,1,3.203414,0.62433399999999994,1.492945,0.505108,0
0,3,86,95,random_baseline,5,0.34999999999999998,2.3989165637663223,"[""mofsimplify_solvent_test_00073_DUPVER"",""mofsimplify_solvent_val_00076_FATQID""]",False,stopped_before_requested_batch,2,1,2,2,1,2.9971420000000002,0.66730199999999995,1.4709399999999999,0.52577399999999996,0
0,4,86,95,random_baseline,5,0.34999999999999998,2.3989165637663223,"[""mofsimplify_solvent_val_00313_WOZGUP"",""mofsimplify_solvent_val_00323_XAPTEQ""]",False,stopped_before_requested_batch,2,1,2,2,1,3.283166,0.60916800000000004,1.448407,0.54530100000000004,0
0,5,86,95,random_baseline,5,0.34999999999999998,2.3989165637663223,"[""mofsimplify_solvent_test_00288_QERWAL"",""mofsimplify_solvent_test_00407_XOGXAU""]",False,stopped_before_requested_batch,2,1,2,0,0,2.8443290000000001,0,1.4528300000000001,0.54086999999999996,0
0,6,86,95,random_baseline,5,0.34999999999999998,2.3989165637663223,"[""mofsimplify_solvent_val_00100_GUPBEZ02"",""mofsimplify_solvent_test_00297_QOKCID""]",False,stopped_before_requested_batch,2,1,2,2,1,7.1043640000000003,0.28151700000000002,1.510904,0.46571600000000002,0
0,7,86,95,random_baseline,5,0.34999999999999998,2.3989165637663223,"[""mofsimplify_solvent_val_00013_AVIPAX"",""mofsimplify_solvent_test_00178_KIDXUR""]",False,stopped_before_requested_batch,2,1,2,0,0,2.7874500000000002,0,1.466736,0.53042800000000001,0
0,8,86,95,random_baseline,5,0.34999999999999998,2.3989165637663223,"[""mofsimplify_solvent_val_00323_XAPTEQ"",""mofsimplify_solvent_val_00316_WUSLED""]",False,stopped_before_requested_batch,2,1,2,2,1,3.5871309999999998,0.55754899999999996,1.4988600000000001,0.49717,0
0,9,86,95,random_baseline,5,0.34999999999999998,2.3989165637663223,"[""mofsimplify_solvent_test_00041_CANYIB"",""mofsimplify_solvent_val_00334_YEKXOD""]",False,stopped_before_requested_batch,2,1,2,2,1,3.527504,0.56697299999999995,1.4447540000000001,0.54807499999999998,0
1,,86,94,top_score,5,0.34999999999999998,2.3989165637663223,"[""mofsimplify_solvent_val_00290_VACLIX"",""mofsimplify_solvent_test_00021_BADYAJ""]",False,stopped_before_requested_batch,2,1,2,2,1,3.9414400000000001,0.50742900000000002,1.1799580000000001,0.70058900000000002,1
1,,86,94,uncertainty,5,0.34999999999999998,2.3989165637663223,"[""mofsimplify_solvent_test_00206_LUYSEF"",""mofsimplify_solvent_val_00343_ZAHLEC""]",False,stopped_before_requested_batch,2,1,2,1,0.5,3.1989079999999999,0.31260700000000002,1.500462,0.49953700000000001,0.33333333333333331
1,,86,94,cost_aware,5,0.34999999999999998,2.3989165637663223,"[""mofsimplify_solvent_test_00431_ZASJAG"",""mofsimplify_solvent_test_00075_EBIJAC""]",False,stopped_before_requested_batch,2,1,2,2,1,2.726677,0.73349399999999998,1.43205,0.55811999999999995,0.33333333333333331
1,,86,94,portfolio_batch,5,0.34999999999999998,2.3989165637663223,"[""mofsimplify_solvent_val_00290_VACLIX"",""mofsimplify_solvent_test_00021_BADYAJ""]",False,stopped_before_requested_batch,2,1,2,2,1,3.9414400000000001,0.50742900000000002,1.1799580000000001,0.70058900000000002,1
1,0,86,94,random_baseline,5,0.34999999999999998,2.3989165637663223,"[""mofsimplify_solvent_val_00033_COJHIT"",""mofsimplify_solvent_test_00283_QAKFIU""]",False,stopped_before_requested_batch,2,1,2,0,0,3.0663740000000002,0,1.51711,0.48169699999999999,0
1,1,86,94,random_baseline,5,0.34999999999999998,2.3989165637663223,"[""mofsimplify_solvent_val_00334_YEKXOD"",""mofsimplify_solvent_test_00029_BIDPOV""]",False,stopped_before_requested_batch,2,1,2,2,1,3.3623609999999999,0.59482000000000002,1.4704520000000001,0.52722899999999995,0
1,2,86,94,random_baseline,5,0.34999999999999998,2.3989165637663223,"[""mofsimplify_solvent_test_00371_VEHPUU"",""mofsimplify_solvent_test_00394_XADDUD""]",False,stopped_before_requested_batch,2,1,2,0,0,2.9317440000000001,0,1.483795,0.50896300000000005,0
1,3,86,94,random_baseline,5,0.34999999999999998,2.3989165637663223,"[""mofsimplify_solvent_test_00371_VEHPUU"",""mofsimplify_solvent_test_00394_XADDUD""]",False,stopped_before_requested_batch,2,1,2,0,0,2.9317440000000001,0,1.483795,0.50896300000000005,0
1,4,86,94,random_baseline,5,0.34999999999999998,2.3989165637663223,"[""mofsimplify_solvent_test_00297_QOKCID"",""mofsimplify_solvent_test_00197_LEDWUN""]",False,stopped_before_requested_batch,2,1,2,2,1,3.3466969999999998,0.59760400000000002,1.5125470000000001,0.45973199999999997,0
1,5,86,94,random_baseline,5,0.34999999999999998,2.3989165637663223,"[""mofsimplify_solvent_val_00175_MONWET"",""mofsimplify_solvent_test_00289_QEYWUN""]",False,stopped_before_requested_batch,2,1,2,1,0.5,3.3276970000000001,0.300508,1.5175689999999999,0.472715,0.33333333333333331
1,6,86,94,random_baseline,5,0.34999999999999998,2.3989165637663223,"[""mofsimplify_solvent_val_00175_MONWET"",""mofsimplify_solvent_test_00206_LUYSEF""]",False,stopped_before_requested_batch,2,1,2,1,0.5,3.2895400000000001,0.30399399999999999,1.530222,0.46088000000000001,0.33333333333333331
1,7,86,94,random_baseline,5,0.34999999999999998,2.3989165637663223,"[""mofsimplify_solvent_val_00162_LUJBAV"",""mofsimplify_solvent_val_00152_KUKPOX""]",False,stopped_before_requested_batch,2,1,2,0,0,2.8843570000000001,0,1.444342,0.54832800000000004,0
1,8,86,94,random_baseline,5,0.34999999999999998,2.3989165637663223,"[""mofsimplify_solvent_val_00313_WOZGUP"",""mofsimplify_solvent_val_00175_MONWET""]",False,stopped_before_requested_batch,2,1,2,1,0.5,3.4775909999999999,0.28755500000000001,1.4974449999999999,0.48904700000000001,0.33333333333333331
1,9,86,94,random_baseline,5,0.34999999999999998,2.3989165637663223,"[""mofsimplify_solvent_test_00176_KEWBUL"",""mofsimplify_solvent_test_00306_RAHMAP""]",False,stopped_before_requested_batch,2,1,2,2,1,2.8807529999999999,0.69426299999999996,1.493063,0.50672399999999995,0
2,,86,97,top_score,5,0.34999999999999998,2.3989165637663223,"[""mofsimplify_solvent_test_00015_AVILEY"",""mofsimplify_solvent_test_00257_OKUSUK""]",False,stopped_before_requested_batch,2,1,2,1,0.5,4.2010490000000003,0.238036,1.252291,0.66625999999999996,0
2,,86,97,uncertainty,5,0.34999999999999998,2.3989165637663223,"[""mofsimplify_solvent_test_00186_KIYMIP"",""mofsimplify_solvent_val_00343_ZAHLEC""]",False,stopped_before_requested_batch,2,1,2,1,0.5,2.9709189999999999,0.33659600000000001,1.500292,0.49970599999999998,0.33333333333333331
2,,86,97,cost_aware,5,0.34999999999999998,2.3989165637663223,"[""mofsimplify_solvent_test_00431_ZASJAG"",""mofsimplify_solvent_val_00348_ZUQMAB""]",False,stopped_before_requested_batch,2,1,2,2,1,2.6797149999999998,0.74634800000000001,1.4432739999999999,0.54919899999999999,1
2,,86,97,portfolio_batch,5,0.34999999999999998,2.3989165637663223,"[""mofsimplify_solvent_test_00015_AVILEY"",""mofsimplify_solvent_test_00257_OKUSUK""]",False,stopped_before_requested_batch,2,1,2,1,0.5,4.2010490000000003,0.238036,1.252291,0.66625999999999996,0
2,0,86,97,random_baseline,5,0.34999999999999998,2.3989165637663223,"[""mofsimplify_solvent_test_00221_MOYYIJ"",""mofsimplify_solvent_val_00152_KUKPOX""]",False,stopped_before_requested_batch,2,1,2,0,0,3.0628069999999998,0,1.453816,0.54008999999999996,0
2,1,86,97,random_baseline,5,0.34999999999999998,2.3989165637663223,"[""mofsimplify_solvent_val_00342_ZAGHAT"",""mofsimplify_solvent_val_00177_MOYYEF""]",False,stopped_before_requested_batch,2,1,2,1,0.5,3.2362489999999999,0.309,1.5286770000000001,0.46514,0
2,2,86,97,random_baseline,5,0.34999999999999998,2.3989165637663223,"[""mofsimplify_solvent_test_00244_NIRDAT"",""mofsimplify_solvent_val_00152_KUKPOX""]",False,stopped_before_requested_batch,2,1,2,0,0,3.5416180000000002,0,1.4929889999999999,0.49283700000000003,0
2,3,86,97,random_baseline,5,0.34999999999999998,2.3989165637663223,"[""mofsimplify_solvent_test_00139_YUBQET"",""mofsimplify_solvent_val_00210_OVIWIA""]",False,stopped_before_requested_batch,2,1,2,2,1,3.3436569999999999,0.59814699999999998,1.527941,0.45830900000000002,0
2,4,86,97,random_baseline,5,0.34999999999999998,2.3989165637663223,"[""mofsimplify_solvent_test_00258_OKUTAR"",""mofsimplify_solvent_test_00006_AGUWUV""]",False,stopped_before_requested_batch,2,1,2,0,0,3.4344800000000002,0,1.4382710000000001,0.54924499999999998,0
2,5,86,97,random_baseline,5,0.34999999999999998,2.3989165637663223,"[""mofsimplify_solvent_test_00004_ACOLOV"",""mofsimplify_solvent_test_00138_HOVGIK""]",False,stopped_before_requested_batch,2,1,2,2,1,3.2149100000000002,0.62210100000000002,1.4358569999999999,0.54942299999999999,0
2,6,86,97,random_baseline,5,0.34999999999999998,2.3989165637663223,"[""mofsimplify_solvent_val_00107_HIMSAY"",""mofsimplify_solvent_test_00221_MOYYIJ""]",False,stopped_before_requested_batch,2,1,2,0,0,2.960985,0,1.5071270000000001,0.49046099999999998,0
2,7,86,97,random_baseline,5,0.34999999999999998,2.3989165637663223,"[""mofsimplify_solvent_test_00075_EBIJAC"",""mofsimplify_solvent_val_00149_KIYJAF""]",False,stopped_before_requested_batch,2,1,2,2,1,2.7467830000000002,0.72812500000000002,1.4715180000000001,0.52430399999999999,0
2,8,86,97,random_baseline,5,0.34999999999999998,2.3989165637663223,"[""mofsimplify_solvent_test_00237_NAWWUG"",""mofsimplify_solvent_test_00259_OKUTEV""]",False,stopped_before_requested_batch,2,1,2,0,0,3.6587770000000002,0,1.4112309999999999,0.55281400000000003,0
2,9,86,97,random_baseline,5,0.34999999999999998,2.3989165637663223,"[""mofsimplify_solvent_test_00325_SARNOQ"",""mofsimplify_solvent_val_00171_MAPHAP""]",False,stopped_before_requested_batch,2,1,2,1,0.5,3.131786,0.31930700000000001,1.5055540000000001,0.49201299999999998,0
3,,86,99,top_score,5,0.34999999999999998,2.3989165637663223,"[""mofsimplify_solvent_test_00015_AVILEY"",""mofsimplify_solvent_test_00327_SERWAP""]",False,stopped_before_requested_batch,2,1,2,1,0.5,3.8011520000000001,0.26307799999999998,1.2665329999999999,0.65878599999999998,0
3,,86,99,uncertainty,5,0.34999999999999998,2.3989165637663223,"[""mofsimplify_solvent_test_00206_LUYSEF"",""mofsimplify_solvent_test_00186_KIYMIP""]",False,stopped_before_requested_batch,2,1,2,2,1,2.9658440000000001,0.67434400000000005,1.4996970000000001,0.50030200000000002,1
3,,86,99,cost_aware,5,0.34999999999999998,2.3989165637663223,"[""mofsimplify_solvent_test_00431_ZASJAG"",""mofsimplify_solvent_test_00075_EBIJAC""]",False,stopped_before_requested_batch,2,1,2,2,1,2.726677,0.73349399999999998,1.43205,0.55811999999999995,0.33333333333333331
3,,86,99,portfolio_batch,5,0.34999999999999998,2.3989165637663223,"[""mofsimplify_solvent_test_00015_AVILEY"",""mofsimplify_solvent_test_00327_SERWAP""]",False,stopped_before_requested_batch,2,1,2,1,0.5,3.8011520000000001,0.26307799999999998,1.2665329999999999,0.65878599999999998,0
3,0,86,99,random_baseline,5,0.34999999999999998,2.3989165637663223,"[""mofsimplify_solvent_test_00037_BUSQEM"",""mofsimplify_solvent_test_00384_WILHIK""]",False,stopped_before_requested_batch,2,1,2,1,0.5,2.7952370000000002,0.35775099999999999,1.4739370000000001,0.51882200000000001,0
3,1,86,99,random_baseline,5,0.34999999999999998,2.3989165637663223,"[""mofsimplify_solvent_test_00061_DAMYUO"",""mofsimplify_solvent_test_00331_XIMPOA01""]",False,stopped_before_requested_batch,2,1,2,0,0,3.0325120000000001,0,1.5034099999999999,0.49439300000000003,0
3,2,86,99,random_baseline,5,0.34999999999999998,2.3989165637663223,"[""mofsimplify_solvent_test_00414_YARBAW"",""mofsimplify_solvent_test_00054_COTVUE""]",False,stopped_before_requested_batch,2,1,2,1,0.5,2.917205,0.34279399999999999,1.527604,0.468476,0
3,3,86,99,random_baseline,5,0.34999999999999998,2.3989165637663223,"[""mofsimplify_solvent_val_00334_YEKXOD"",""mofsimplify_solvent_test_00061_DAMYUO""]",False,stopped_before_requested_batch,2,1,2,1,0.5,3.145845,0.31788,1.46932,0.52824199999999999,0
3,4,86,99,random_baseline,5,0.34999999999999998,2.3989165637663223,"[""mofsimplify_solvent_val_00238_QOPPOC"",""mofsimplify_solvent_test_00002_ACOLEL""]",False,stopped_before_requested_batch,2,1,2,2,1,3.108695,0.64335699999999996,1.543428,0.44080000000000003,0
3,5,86,99,random_baseline,5,0.34999999999999998,2.3989165637663223,"[""mofsimplify_solvent_test_00075_EBIJAC"",""mofsimplify_solvent_val_00341_YUBFOR""]",False,stopped_before_requested_batch,2,1,2,2,1,3.1759140000000001,0.62973999999999997,1.4879640000000001,0.50520699999999996,0
3,6,86,99,random_baseline,5,0.34999999999999998,2.3989165637663223,"[""mofsimplify_solvent_val_00191_NUNCEG"",""mofsimplify_solvent_val_00038_DAMYOI""]",False,stopped_before_requested_batch,2,1,2,0,0,4.3262619999999998,0,1.466607,0.53039800000000004,0
3,7,86,99,random_baseline,5,0.34999999999999998,2.3989165637663223,"[""mofsimplify_solvent_test_00138_HOVGIK"",""mofsimplify_solvent_val_00318_XADDAJ""]",False,stopped_before_requested_batch,2,1,2,1,0.5,2.6695310000000001,0.37459799999999999,1.5093259999999999,0.49021300000000001,0
3,8,86,99,random_baseline,5,0.34999999999999998,2.3989165637663223,"[""mofsimplify_solvent_test_00407_XOGXAU"",""mofsimplify_solvent_test_00288_QERWAL""]",False,stopped_before_requested_batch,2,1,2,0,0,2.8443290000000001,0,1.4528300000000001,0.54086999999999996,0
3,9,86,99,random_baseline,5,0.34999999999999998,2.3989165637663223,"[""mofsimplify_solvent_test_00316_RIWMUH"",""mofsimplify_solvent_test_00015_AVILEY""]",False,stopped_before_requested_batch,2,1,2,2,1,3.6099640000000002,0.55402200000000001,1.3340719999999999,0.61658000000000002,0
4,,86,97,top_score,5,0.34999999999999998,2.3989165637663223,"[""mofsimplify_solvent_test_00021_BADYAJ"",""mofsimplify_solvent_test_00015_AVILEY""]",False,stopped_before_requested_batch,2,1,2,2,1,4.0003010000000003,0.49996200000000002,1.2121999999999999,0.68553799999999998,0.33333333333333331
4,,86,97,uncertainty,5,0.34999999999999998,2.3989165637663223,"[""mofsimplify_solvent_test_00206_LUYSEF"",""mofsimplify_solvent_test_00186_KIYMIP""]",False,stopped_before_requested_batch,2,1,2,2,1,2.9658440000000001,0.67434400000000005,1.4996970000000001,0.50030200000000002,1
4,,86,97,cost_aware,5,0.34999999999999998,2.3989165637663223,"[""mofsimplify_solvent_test_00431_ZASJAG"",""mofsimplify_solvent_val_00348_ZUQMAB""]",False,stopped_before_requested_batch,2,1,2,2,1,2.6797149999999998,0.74634800000000001,1.4432739999999999,0.54919899999999999,1
4,,86,97,portfolio_batch,5,0.34999999999999998,2.3989165637663223,"[""mofsimplify_solvent_test_00021_BADYAJ"",""mofsimplify_solvent_test_00015_AVILEY""]",False,stopped_before_requested_batch,2,1,2,2,1,4.0003010000000003,0.49996200000000002,1.2121999999999999,0.68553799999999998,0.33333333333333331
4,0,86,97,random_baseline,5,0.34999999999999998,2.3989165637663223,"[""mofsimplify_solvent_test_00232_NALYEG"",""mofsimplify_solvent_test_00244_NIRDAT""]",False,stopped_before_requested_batch,2,1,2,1,0.5,4.2832910000000002,0.23346500000000001,1.561685,0.419489,0
4,1,86,97,random_baseline,5,0.34999999999999998,2.3989165637663223,"[""mofsimplify_solvent_test_00387_WOHZAU"",""mofsimplify_solvent_test_00146_ICITEU""]",False,stopped_before_requested_batch,2,1,2,1,0.5,3.1667339999999999,0.31578299999999998,1.394636,0.57788399999999995,0
4,2,86,97,random_baseline,5,0.34999999999999998,2.3989165637663223,"[""mofsimplify_solvent_val_00262_SOCNAB"",""mofsimplify_solvent_test_00105_FUYCIN""]",False,stopped_before_requested_batch,2,1,2,1,0.5,3.3388719999999998,0.29950199999999999,1.5082960000000001,0.49088599999999999,0
4,3,86,97,random_baseline,5,0.34999999999999998,2.3989165637663223,"[""mofsimplify_solvent_val_00099_GUKFEY"",""mofsimplify_solvent_val_00081_FIFNUE""]",False,stopped_before_requested_batch,2,1,2,1,0.5,3.533201,0.28303,1.550624,0.43337900000000001,0
4,4,86,97,random_baseline,5,0.34999999999999998,2.3989165637663223,"[""mofsimplify_solvent_test_00218_MITGUR01"",""mofsimplify_solvent_test_00411_XUVQOW""]",False,stopped_before_requested_batch,2,1,2,1,0.5,3.0128509999999999,0.33191199999999998,1.480178,0.51869100000000001,0
4,5,86,97,random_baseline,5,0.34999999999999998,2.3989165637663223,"[""mofsimplify_solvent_test_00061_DAMYUO"",""mofsimplify_solvent_test_00297_QOKCID""]",False,stopped_before_requested_batch,2,1,2,1,0.5,3.2365279999999998,0.308973,1.4609559999999999,0.53497700000000004,0
4,6,86,97,random_baseline,5,0.34999999999999998,2.3989165637663223,"[""mofsimplify_solvent_test_00155_IYUROK"",""mofsimplify_solvent_val_00162_LUJBAV""]",False,stopped_before_requested_batch,2,1,2,1,0.5,2.915203,0.34302899999999997,1.4925809999999999,0.50486299999999995,0
4,7,86,97,random_baseline,5,0.34999999999999998,2.3989165637663223,"[""mofsimplify_solvent_test_00412_XUWKEH"",""mofsimplify_solvent_test_00044_CAYKEU""]",False,stopped_before_requested_batch,2,1,2,2,1,3.5405950000000002,0.56487699999999996,1.4901629999999999,0.43143500000000001,0
4,8,86,97,random_baseline,5,0.34999999999999998,2.3989165637663223,"[""mofsimplify_solvent_val_00082_FIFPAM"",""mofsimplify_solvent_test_00413_XUYXAR""]",False,stopped_before_requested_batch,2,1,2,2,1,2.9246099999999999,0.68385200000000002,1.5224789999999999,0.46202399999999999,0
4,9,86,97,random_baseline,5,0.34999999999999998,2.3989165637663223,"[""mofsimplify_solvent_val_00342_ZAGHAT"",""mofsimplify_solvent_test_00331_XIMPOA01""]",False,stopped_before_requested_batch,2,1,2,1,0.5,3.1833649999999998,0.314133,1.5412269999999999,0.45108399999999998,0
5,,86,93,top_score,5,0.34999999999999998,2.3989165637663223,"[""mofsimplify_solvent_test_00021_BADYAJ"",""mofsimplify_solvent_test_00327_SERWAP""]",False,stopped_before_requested_batch,2,1,2,1,0.5,3.7157559999999998,0.26912399999999997,1.240078,0.67123699999999997,0.33333333333333331
5,,86,93,uncertainty,5,0.34999999999999998,2.3989165637663223,"[""mofsimplify_solvent_test_00206_LUYSEF"",""mofsimplify_solvent_val_00177_MOYYEF""]",False,stopped_before_requested_batch,2,1,2,1,0.5,3.1219220000000001,0.32031500000000002,1.502156,0.49781399999999998,0.33333333333333331
5,,86,93,cost_aware,5,0.34999999999999998,2.3989165637663223,"[""mofsimplify_solvent_test_00431_ZASJAG"",""mofsimplify_solvent_val_00348_ZUQMAB""]",False,stopped_before_requested_batch,2,1,2,2,1,2.6797149999999998,0.74634800000000001,1.4432739999999999,0.54919899999999999,1
5,,86,93,portfolio_batch,5,0.34999999999999998,2.3989165637663223,"[""mofsimplify_solvent_test_00021_BADYAJ"",""mofsimplify_solvent_test_00327_SERWAP""]",False,stopped_before_requested_batch,2,1,2,1,0.5,3.7157559999999998,0.26912399999999997,1.240078,0.67123699999999997,0.33333333333333331
5,0,86,93,random_baseline,5,0.34999999999999998,2.3989165637663223,"[""mofsimplify_solvent_test_00226_MUTNAQ"",""mofsimplify_solvent_test_00335_TACJIS""]",False,stopped_before_requested_batch,2,1,2,2,1,3.4716469999999999,0.57609500000000002,1.492292,0.50689099999999998,0
5,1,86,93,random_baseline,5,0.34999999999999998,2.3989165637663223,"[""mofsimplify_solvent_test_00297_QOKCID"",""mofsimplify_solvent_test_00006_AGUWUV""]",False,stopped_before_requested_batch,2,1,2,1,0.5,3.0726659999999999,0.32545000000000002,1.4693069999999999,0.52723600000000004,0
5,2,86,93,random_baseline,5,0.34999999999999998,2.3989165637663223,"[""mofsimplify_solvent_test_00197_LEDWUN"",""mofsimplify_solvent_val_00245_REWNEO01""]",False,stopped_before_requested_batch,2,1,2,2,1,3.522008,0.56785799999999997,1.496221,0.47181099999999998,0
5,3,86,93,random_baseline,5,0.34999999999999998,2.3989165637663223,"[""mofsimplify_solvent_val_00161_LIXWEV"",""mofsimplify_solvent_test_00058_CUYHIO""]",False,stopped_before_requested_batch,2,1,2,1,0.5,3.4578440000000001,0.28919800000000001,1.5564530000000001,0.42600100000000002,0
5,4,86,93,random_baseline,5,0.34999999999999998,2.3989165637663223,"[""mofsimplify_solvent_val_00260_SEVLEM"",""mofsimplify_solvent_test_00161_JEJWOL""]",False,stopped_before_requested_batch,2,1,2,2,1,5.4538289999999998,0.36671500000000001,1.3472729999999999,0.61284499999999997,0
5,5,86,93,random_baseline,5,0.34999999999999998,2.3989165637663223,"[""mofsimplify_solvent_test_00381_WAQQUB"",""mofsimplify_solvent_val_00100_GUPBEZ02""]",False,stopped_before_requested_batch,2,1,2,2,1,7.400671,0.27024599999999999,1.4903010000000001,0.480765,0
5,6,86,93,random_baseline,5,0.34999999999999998,2.3989165637663223,"[""mofsimplify_solvent_test_00006_AGUWUV"",""mofsimplify_solvent_test_00352_UBOGAV""]",False,stopped_before_requested_batch,2,1,2,1,0.5,2.9590239999999999,0.337949,1.5093430000000001,0.48957200000000001,0
5,7,86,93,random_baseline,5,0.34999999999999998,2.3989165637663223,"[""mofsimplify_solvent_test_00268_PACGIM"",""mofsimplify_solvent_val_00260_SEVLEM""]",False,stopped_before_requested_batch,2,1,2,1,0.5,5.4911669999999999,0.182111,1.407978,0.57540800000000003,0
5,8,86,93,random_baseline,5,0.34999999999999998,2.3989165637663223,"[""mofsimplify_solvent_val_00261_SIYXIH10"",""mofsimplify_solvent_test_00356_ULASAD""]",False,stopped_before_requested_batch,2,1,2,1,0.5,3.5390229999999998,0.28256399999999998,1.49807,0.43404700000000002,0
5,9,86,93,random_baseline,5,0.34999999999999998,2.3989165637663223,"[""mofsimplify_solvent_test_00325_SARNOQ"",""mofsimplify_solvent_val_00261_SIYXIH10""]",False,stopped_before_requested_batch,2,1,2,1,0.5,3.1415299999999999,0.31831599999999999,1.4471480000000001,0.545122,0
6,,86,95,top_score,5,0.34999999999999998,2.3989165637663223,"[""mofsimplify_solvent_test_00036_BUPVEP"",""mofsimplify_solvent_test_00015_AVILEY""]",False,stopped_before_requested_batch,2,1,2,2,1,4.0425950000000004,0.49473200000000001,1.2235879999999999,0.68029700000000004,0
6,,86,95,uncertainty,5,0.34999999999999998,2.3989165637663223,"[""mofsimplify_solvent_test_00073_DUPVER"",""mofsimplify_solvent_val_00177_MOYYEF""]",False,stopped_before_requested_batch,2,1,2,1,0.5,2.9792329999999998,0.33565699999999998,1.500186,0.49976100000000001,0
6,,86,95,cost_aware,5,0.34999999999999998,2.3989165637663223,"[""mofsimplify_solvent_test_00075_EBIJAC"",""mofsimplify_solvent_test_00384_WILHIK""]",False,stopped_before_requested_batch,2,1,2,2,1,2.7510500000000002,0.72699499999999995,1.4303539999999999,0.55935699999999999,0
6,,86,95,portfolio_batch,5,0.34999999999999998,2.3989165637663223,"[""mofsimplify_solvent_test_00036_BUPVEP"",""mofsimplify_solvent_test_00015_AVILEY""]",False,stopped_before_requested_batch,2,1,2,2,1,4.0425950000000004,0.49473200000000001,1.2235879999999999,0.68029700000000004,0
6,0,86,95,random_baseline,5,0.34999999999999998,2.3989165637663223,"[""mofsimplify_solvent_val_00048_DUDZOT"",""mofsimplify_solvent_test_00075_EBIJAC""]",False,stopped_before_requested_batch,2,1,2,2,1,2.881516,0.694079,1.466188,0.52962200000000004,0
6,1,86,95,random_baseline,5,0.34999999999999998,2.3989165637663223,"[""mofsimplify_solvent_test_00104_FUYCEJ"",""mofsimplify_solvent_test_00217_MIBMER""]",False,stopped_before_requested_batch,2,1,2,2,1,3.107113,0.64368400000000003,1.4845219999999999,0.51113500000000001,0
6,2,86,95,random_baseline,5,0.34999999999999998,2.3989165637663223,"[""mofsimplify_solvent_test_00146_ICITEU"",""mofsimplify_solvent_test_00280_POMMAH""]",False,stopped_before_requested_batch,2,1,2,1,0.5,3.100714,0.32250600000000001,1.3812629999999999,0.58920300000000003,0
6,3,86,95,random_baseline,5,0.34999999999999998,2.3989165637663223,"[""mofsimplify_solvent_val_00318_XADDAJ"",""mofsimplify_solvent_test_00095_EYULOA""]",False,stopped_before_requested_batch,2,1,2,1,0.5,2.8390529999999998,0.35222999999999999,1.4882569999999999,0.50936400000000004,0
6,4,86,95,random_baseline,5,0.34999999999999998,2.3989165637663223,"[""mofsimplify_solvent_test_00095_EYULOA"",""mofsimplify_solvent_test_00280_POMMAH""]",False,stopped_before_requested_batch,2,1,2,2,1,2.9830619999999999,0.67045200000000005,1.4558340000000001,0.53960699999999995,0
6,5,86,95,random_baseline,5,0.34999999999999998,2.3989165637663223,"[""mofsimplify_solvent_val_00262_SOCNAB"",""mofsimplify_solvent_val_00102_HADQUA""]",False,stopped_before_requested_batch,2,1,2,0,0,3.3010899999999999,0,1.450256,0.53586400000000001,0
6,6,86,95,random_baseline,5,0.34999999999999998,2.3989165637663223,"[""mofsimplify_solvent_test_00326_SEGBIR"",""mofsimplify_solvent_val_00341_YUBFOR""]",False,stopped_before_requested_batch,2,1,2,2,1,3.2400899999999999,0.61726700000000001,1.5083759999999999,0.488369,0
6,7,86,95,random_baseline,5,0.34999999999999998,2.3989165637663223,"[""mofsimplify_solvent_val_00149_KIYJAF"",""mofsimplify_solvent_val_00315_WURNOO""]",False,stopped_before_requested_batch,2,1,2,2,1,2.7659099999999999,0.72308899999999998,1.480815,0.51696900000000001,0
6,8,86,95,random_baseline,5,0.34999999999999998,2.3989165637663223,"[""mofsimplify_solvent_val_00225_POZHUI"",""mofsimplify_solvent_test_00146_ICITEU""]",False,stopped_before_requested_batch,2,1,2,0,0,3.2154590000000001,0,1.418906,0.55290799999999996,0
6,9,86,95,random_baseline,5,0.34999999999999998,2.3989165637663223,"[""mofsimplify_solvent_test_00176_KEWBUL"",""mofsimplify_solvent_val_00261_SIYXIH10""]",False,stopped_before_requested_batch,2,1,2,1,0.5,3.0752860000000002,0.32517299999999999,1.4514229999999999,0.54120800000000002,0
7,,86,97,top_score,5,0.34999999999999998,2.3989165637663223,"[""mofsimplify_solvent_val_00290_VACLIX"",""mofsimplify_solvent_test_00015_AVILEY""]",False,stopped_before_requested_batch,2,1,2,2,1,4.0268370000000004,0.496668,1.206413,0.688137,0.33333333333333331
7,,86,97,uncertainty,5,0.34999999999999998,2.3989165637663223,"[""mofsimplify_solvent_test_00186_KIYMIP"",""mofsimplify_solvent_test_00306_RAHMAP""]",False,stopped_before_requested_batch,2,1,2,2,1,2.7561979999999999,0.72563699999999998,1.499085,0.50091200000000002,0.33333333333333331
7,,86,97,cost_aware,5,0.34999999999999998,2.3989165637663223,"[""mofsimplify_solvent_test_00431_ZASJAG"",""mofsimplify_solvent_test_00384_WILHIK""]",False,stopped_before_requested_batch,2,1,2,2,1,2.757927,0.72518199999999999,1.4242250000000001,0.56394100000000003,0.33333333333333331
7,,86,97,portfolio_batch,5,0.34999999999999998,2.3989165637663223,"[""mofsimplify_solvent_val_00290_VACLIX"",""mofsimplify_solvent_test_00015_AVILEY""]",False,stopped_before_requested_batch,2,1,2,2,1,4.0268370000000004,0.496668,1.206413,0.688137,0.33333333333333331
7,0,86,97,random_baseline,5,0.34999999999999998,2.3989165637663223,"[""mofsimplify_solvent_test_00034_BOWNUY"",""mofsimplify_solvent_test_00104_FUYCEJ""]",False,stopped_before_requested_batch,2,1,2,2,1,3.1907299999999998,0.62681600000000004,1.480739,0.51405299999999998,0
7,1,86,97,random_baseline,5,0.34999999999999998,2.3989165637663223,"[""mofsimplify_solvent_test_00352_UBOGAV"",""mofsimplify_solvent_test_00253_OGECOU""]",False,stopped_before_requested_batch,2,1,2,2,1,3.215557,0.62197599999999997,1.508076,0.49078899999999998,0
7,2,86,97,random_baseline,5,0.34999999999999998,2.3989165637663223,"[""mofsimplify_solvent_val_00281_UJEFOE01"",""mofsimplify_solvent_test_00252_OGAXUR""]",False,stopped_before_requested_batch,2,1,2,2,1,3.2209690000000002,0.62093100000000001,1.4899150000000001,0.50980400000000003,0
7,3,86,97,random_baseline,5,0.34999999999999998,2.3989165637663223,"[""mofsimplify_solvent_val_00344_ZALMIL"",""mofsimplify_solvent_val_00271_TIXCIO""]",False,stopped_before_requested_batch,2,1,2,2,1,3.202861,0.62444200000000005,1.4928999999999999,0.50651000000000002,0
7,4,86,97,random_baseline,5,0.34999999999999998,2.3989165637663223,"[""mofsimplify_solvent_test_00352_UBOGAV"",""mofsimplify_solvent_val_00258_SENVIR""]",False,stopped_before_requested_batch,2,1,2,1,0.5,3.177289,0.31473400000000001,1.469983,0.52180899999999997,0
7,5,86,97,random_baseline,5,0.34999999999999998,2.3989165637663223,"[""mofsimplify_solvent_val_00313_WOZGUP"",""mofsimplify_solvent_val_00332_YARBUQ""]",False,stopped_before_requested_batch,2,1,2,1,0.5,3.247884,0.30789299999999997,1.4820979999999999,0.51171699999999998,0
7,6,86,97,random_baseline,5,0.34999999999999998,2.3989165637663223,"[""mofsimplify_solvent_test_00125_GUVCOP"",""mofsimplify_solvent_val_00285_UNABIV""]",False,stopped_before_requested_batch,2,1,2,1,0.5,3.0807769999999999,0.32459300000000002,1.574872,0.38802900000000001,0
7,7,86,97,random_baseline,5,0.34999999999999998,2.3989165637663223,"[""mofsimplify_solvent_val_00238_QOPPOC"",""mofsimplify_solvent_val_00141_KEGZOL""]",False,stopped_before_requested_batch,2,1,2,1,0.5,3.6946479999999999,0.27066200000000001,1.570416,0.33038800000000001,0
7,8,86,97,random_baseline,5,0.34999999999999998,2.3989165637663223,"[""mofsimplify_solvent_val_00152_KUKPOX"",""mofsimplify_solvent_test_00218_MITGUR01""]",False,stopped_before_requested_batch,2,1,2,0,0,3.0493939999999999,0,1.4568410000000001,0.53730599999999995,0
7,9,86,97,random_baseline,5,0.34999999999999998,2.3989165637663223,"[""mofsimplify_solvent_test_00258_OKUTAR"",""mofsimplify_solvent_val_00082_FIFPAM""]",False,stopped_before_requested_batch,2,1,2,1,0.5,3.6312359999999999,0.27538800000000002,1.476837,0.49609300000000001,0
8,,86,96,top_score,5,0.34999999999999998,2.3989165637663223,"[""mofsimplify_solvent_val_00290_VACLIX"",""mofsimplify_solvent_test_00021_BADYAJ""]",False,stopped_before_requested_batch,2,1,2,2,1,3.9414400000000001,0.50742900000000002,1.1799580000000001,0.70058900000000002,1
8,,86,96,uncertainty,5,0.34999999999999998,2.3989165637663223,"[""mofsimplify_solvent_test_00306_RAHMAP"",""mofsimplify_solvent_val_00072_EXAXAE""]",False,stopped_before_requested_batch,2,1,2,2,1,2.9024200000000002,0.68908000000000003,1.4985949999999999,0.50139900000000004,0
8,,86,96,cost_aware,5,0.34999999999999998,2.3989165637663223,"[""mofsimplify_solvent_test_00384_WILHIK"",""mofsimplify_solvent_test_00146_ICITEU""]",False,stopped_before_requested_batch,2,1,2,1,0.5,2.9640909999999998,0.33737200000000001,1.366522,0.60043400000000002,0
8,,86,96,portfolio_batch,5,0.34999999999999998,2.3989165637663223,"[""mofsimplify_solvent_val_00290_VACLIX"",""mofsimplify_solvent_test_00021_BADYAJ""]",False,stopped_before_requested_batch,2,1,2,2,1,3.9414400000000001,0.50742900000000002,1.1799580000000001,0.70058900000000002,1
8,0,86,96,random_baseline,5,0.34999999999999998,2.3989165637663223,"[""mofsimplify_solvent_test_00394_XADDUD"",""mofsimplify_solvent_val_00100_GUPBEZ02""]",False,stopped_before_requested_batch,2,1,2,1,0.5,6.9806720000000002,0.14325299999999999,1.5045839999999999,0.47054299999999999,0
8,1,86,96,random_baseline,5,0.34999999999999998,2.3989165637663223,"[""mofsimplify_solvent_test_00153_INIXOT"",""mofsimplify_solvent_test_00288_QERWAL""]",False,stopped_before_requested_batch,2,1,2,1,0.5,3.6514030000000002,0.27386700000000003,1.41682,0.56473099999999998,0
8,2,86,96,random_baseline,5,0.34999999999999998,2.3989165637663223,"[""mofsimplify_solvent_test_00386_WODVOB"",""mofsimplify_solvent_val_00347_ZUKNAW""]",False,stopped_before_requested_batch,2,1,2,1,0.5,2.9842780000000002,0.33508900000000003,1.495142,0.50365499999999996,0.33333333333333331
8,3,86,96,random_baseline,5,0.34999999999999998,2.3989165637663223,"[""mofsimplify_solvent_test_00289_QEYWUN"",""mofsimplify_solvent_val_00219_PAMHIW""]",False,stopped_before_requested_batch,2,1,2,1,0.5,3.0669710000000001,0.32605499999999998,1.4417040000000001,0.54935400000000001,0
8,4,86,96,random_baseline,5,0.34999999999999998,2.3989165637663223,"[""mofsimplify_solvent_test_00058_CUYHIO"",""mofsimplify_solvent_test_00252_OGAXUR""]",False,stopped_before_requested_batch,2,1,2,2,1,3.1148060000000002,0.64209499999999997,1.515744,0.48045599999999999,0
8,5,86,96,random_baseline,5,0.34999999999999998,2.3989165637663223,"[""mofsimplify_solvent_test_00264_OQETEK"",""mofsimplify_solvent_test_00095_EYULOA""]",False,stopped_before_requested_batch,2,1,2,2,1,3.0004420000000001,0.66656899999999997,1.477069,0.52096399999999998,0
8,6,86,96,random_baseline,5,0.34999999999999998,2.3989165637663223,"[""mofsimplify_solvent_test_00123_GUKYUI"",""mofsimplify_solvent_test_00008_AMOYOR""]",False,stopped_before_requested_batch,2,1,2,2,1,3.5368119999999998,0.56548100000000001,1.4695119999999999,0.51882700000000004,0
8,7,86,96,random_baseline,5,0.34999999999999998,2.3989165637663223,"[""mofsimplify_solvent_test_00394_XADDUD"",""mofsimplify_solvent_test_00008_AMOYOR""]",False,stopped_before_requested_batch,2,1,2,1,0.5,2.9701559999999998,0.33668300000000001,1.4843660000000001,0.50821499999999997,0
8,8,86,96,random_baseline,5,0.34999999999999998,2.3989165637663223,"[""mofsimplify_solvent_test_00178_KIDXUR"",""mofsimplify_solvent_val_00285_UNABIV""]",False,stopped_before_requested_batch,2,1,2,1,0.5,2.9974959999999999,0.33361200000000002,1.5276419999999999,0.44837100000000002,0
8,9,86,96,random_baseline,5,0.34999999999999998,2.3989165637663223,"[""mofsimplify_solvent_test_00247_OCOKUP"",""mofsimplify_solvent_test_00052_COTVIS""]",False,stopped_before_requested_batch,2,1,2,1,0.5,3.3996909999999998,0.29414400000000002,1.547968,0.42053099999999999,0
9,,86,94,top_score,5,0.34999999999999998,2.3989165637663223,"[""mofsimplify_solvent_val_00290_VACLIX"",""mofsimplify_solvent_test_00021_BADYAJ""]",False,stopped_before_requested_batch,2,1,2,2,1,3.9414400000000001,0.50742900000000002,1.1799580000000001,0.70058900000000002,1
9,,86,94,uncertainty,5,0.34999999999999998,2.3989165637663223,"[""mofsimplify_solvent_test_00206_LUYSEF"",""mofsimplify_solvent_test_00306_RAHMAP""]",False,stopped_before_requested_batch,2,1,2,2,1,2.9841869999999999,0.67019899999999999,1.4992540000000001,0.50074300000000005,0.33333333333333331
9,,86,94,cost_aware,5,0.34999999999999998,2.3989165637663223,"[""mofsimplify_solvent_val_00348_ZUQMAB"",""mofsimplify_solvent_test_00384_WILHIK""]",False,stopped_before_requested_batch,2,1,2,2,1,2.704088,0.73962099999999997,1.441578,0.55043600000000004,0.33333333333333331
9,,86,94,portfolio_batch,5,0.34999999999999998,2.3989165637663223,"[""mofsimplify_solvent_val_00290_VACLIX"",""mofsimplify_solvent_test_00021_BADYAJ""]",False,stopped_before_requested_batch,2,1,2,2,1,3.9414400000000001,0.50742900000000002,1.1799580000000001,0.70058900000000002,1
9,0,86,94,random_baseline,5,0.34999999999999998,2.3989165637663223,"[""mofsimplify_solvent_test_00283_QAKFIU"",""mofsimplify_solvent_test_00073_DUPVER""]",False,stopped_before_requested_batch,2,1,2,1,0.5,2.9258929999999999,0.34177600000000002,1.5104770000000001,0.48843599999999998,0
9,1,86,94,random_baseline,5,0.34999999999999998,2.3989165637663223,"[""mofsimplify_solvent_test_00283_QAKFIU"",""mofsimplify_solvent_val_00139_KAVTUY""]",False,stopped_before_requested_batch,2,1,2,1,0.5,3.475403,0.28773599999999999,1.55385,0.41644900000000001,0
9,2,86,94,random_baseline,5,0.34999999999999998,2.3989165637663223,"[""mofsimplify_solvent_test_00264_OQETEK"",""mofsimplify_solvent_test_00217_MIBMER""]",False,stopped_before_requested_batch,2,1,2,2,1,3.0399699999999998,0.65790099999999996,1.4697389999999999,0.52685199999999999,0
9,3,86,94,random_baseline,5,0.34999999999999998,2.3989165637663223,"[""mofsimplify_solvent_test_00073_DUPVER"",""mofsimplify_solvent_test_00041_CANYIB""]",False,stopped_before_requested_batch,2,1,2,2,1,3.396277,0.58887999999999996,1.4620359999999999,0.53254699999999999,0
9,4,86,94,random_baseline,5,0.34999999999999998,2.3989165637663223,"[""mofsimplify_solvent_test_00146_ICITEU"",""mofsimplify_solvent_test_00004_ACOLOV""]",False,stopped_before_requested_batch,2,1,2,1,0.5,3.5020829999999998,0.28554400000000002,1.3402179999999999,0.61816899999999997,0
9,5,86,94,random_baseline,5,0.34999999999999998,2.3989165637663223,"[""mofsimplify_solvent_test_00038_BUSQIQ"",""mofsimplify_solvent_val_00139_KAVTUY""]",False,stopped_before_requested_batch,2,1,2,2,1,3.499657,0.57148500000000002,1.5115829999999999,0.45590799999999998,0
9,6,86,94,random_baseline,5,0.34999999999999998,2.3989165637663223,"[""mofsimplify_solvent_test_00264_OQETEK"",""mofsimplify_solvent_test_00196_LEDPIU""]",False,stopped_before_requested_batch,2,1,2,2,1,3.0112100000000002,0.66418500000000003,1.4934559999999999,0.50642200000000004,0
9,7,86,94,random_baseline,5,0.34999999999999998,2.3989165637663223,"[""mofsimplify_solvent_val_00161_LIXWEV"",""mofsimplify_solvent_test_00065_DIKJUD""]",False,stopped_before_requested_batch,2,1,2,0,0,3.5968420000000001,0,1.542535,0.44318800000000003,0
9,8,86,94,random_baseline,5,0.34999999999999998,2.3989165637663223,"[""mofsimplify_solvent_test_00021_BADYAJ"",""mofsimplify_solvent_test_00259_OKUTEV""]",False,stopped_before_requested_batch,2,1,2,1,0.5,4.257498,0.23488000000000001,1.2346680000000001,0.67412099999999997,0
9,9,86,94,random_baseline,5,0.34999999999999998,2.3989165637663223,"[""mofsimplify_solvent_val_00333_YEGKOM"",""mofsimplify_solvent_test_00004_ACOLOV""]",False,stopped_before_requested_batch,2,1,2,1,0.5,3.5784379999999998,0.27945199999999998,1.4601109999999999,0.51977499999999999,0
10,,86,93,top_score,5,0.34999999999999998,2.3989165637663223,"[""mofsimplify_solvent_test_00036_BUPVEP"",""mofsimplify_solvent_test_00327_SERWAP""]",False,stopped_before_requested_batch,2,1,2,1,0.5,3.7580499999999999,0.26609500000000003,1.251466,0.66599699999999995,0
10,,86,93,uncertainty,5,0.34999999999999998,2.3989165637663223,"[""mofsimplify_solvent_test_00186_KIYMIP"",""mofsimplify_solvent_val_00343_ZAHLEC""]",False,stopped_before_requested_batch,2,1,2,1,0.5,2.9709189999999999,0.33659600000000001,1.500292,0.49970599999999998,0.33333333333333331
10,,86,93,cost_aware,5,0.34999999999999998,2.3989165637663223,"[""mofsimplify_solvent_test_00075_EBIJAC"",""mofsimplify_solvent_test_00384_WILHIK""]",False,stopped_before_requested_batch,2,1,2,2,1,2.7510500000000002,0.72699499999999995,1.4303539999999999,0.55935699999999999,0
10,,86,93,portfolio_batch,5,0.34999999999999998,2.3989165637663223,"[""mofsimplify_solvent_test_00036_BUPVEP"",""mofsimplify_solvent_test_00146_ICITEU""]",False,stopped_before_requested_batch,2,1,2,1,0.5,3.5726870000000002,0.27990100000000001,1.2595179999999999,0.66159900000000005,0
10,0,86,93,random_baseline,5,0.34999999999999998,2.3989165637663223,"[""mofsimplify_solvent_test_00283_QAKFIU"",""mofsimplify_solvent_val_00245_REWNEO01""]",False,stopped_before_requested_batch,2,1,2,1,0.5,3.323115,0.300923,1.4685049999999999,0.52277700000000005,0
10,1,86,93,random_baseline,5,0.34999999999999998,2.3989165637663223,"[""mofsimplify_solvent_val_00099_GUKFEY"",""mofsimplify_solvent_test_00218_MITGUR01""]",False,stopped_before_requested_batch,2,1,2,0,0,3.499549,0,1.5089809999999999,0.489149,0
10,2,86,93,random_baseline,5,0.34999999999999998,2.3989165637663223,"[""mofsimplify_solvent_test_00407_XOGXAU"",""mofsimplify_solvent_test_00013_ASUBIB""]",False,stopped_before_requested_batch,2,1,2,0,0,2.832376,0,1.448412,0.54478499999999996,0
10,3,86,93,random_baseline,5,0.34999999999999998,2.3989165637663223,"[""mofsimplify_solvent_test_00008_AMOYOR"",""mofsimplify_solvent_test_00094_EXEWIO""]",False,stopped_before_requested_batch,2,1,2,2,1,2.8012049999999999,0.713978,1.537679,0.45696700000000001,0
10,4,86,93,random_baseline,5,0.34999999999999998,2.3989165637663223,"[""mofsimplify_solvent_test_00217_MIBMER"",""mofsimplify_solvent_test_00381_WAQQUB""]",False,stopped_before_requested_batch,2,1,2,2,1,3.467263,0.576824,1.424212,0.56345999999999996,0
10,5,86,93,random_baseline,5,0.34999999999999998,2.3989165637663223,"[""mofsimplify_solvent_val_00262_SOCNAB"",""mofsimplify_solvent_val_00332_YARBUQ""]",False,stopped_before_requested_batch,2,1,2,0,0,3.0710700000000002,0,1.5257940000000001,0.47184900000000002,0
10,6,86,93,random_baseline,5,0.34999999999999998,2.3989165637663223,"[""mofsimplify_solvent_val_00262_SOCNAB"",""mofsimplify_solvent_val_00102_HADQUA""]",False,stopped_before_requested_batch,2,1,2,0,0,3.3010899999999999,0,1.450256,0.53586400000000001,0
10,7,86,93,random_baseline,5,0.34999999999999998,2.3989165637663223,"[""mofsimplify_solvent_val_00149_KIYJAF"",""mofsimplify_solvent_test_00094_EXEWIO""]",False,stopped_before_requested_batch,2,1,2,2,1,2.770378,0.72192299999999998,1.521741,0.47538999999999998,0
10,8,86,93,random_baseline,5,0.34999999999999998,2.3989165637663223,"[""mofsimplify_solvent_val_00203_ORANAY"",""mofsimplify_solvent_test_00371_VEHPUU""]",False,stopped_before_requested_batch,2,1,2,1,0.5,3.1346409999999998,0.31901600000000002,1.4942420000000001,0.50086600000000003,0
10,9,86,93,random_baseline,5,0.34999999999999998,2.3989165637663223,"[""mofsimplify_solvent_test_00094_EXEWIO"",""mofsimplify_solvent_test_00125_GUVCOP""]",False,stopped_before_requested_batch,2,1,2,1,0.5,2.8739889999999999,0.34794799999999998,1.554311,0.428983,0
11,,86,98,top_score,5,0.34999999999999998,2.3989165637663223,"[""mofsimplify_solvent_val_00290_VACLIX"",""mofsimplify_solvent_test_00021_BADYAJ""]",False,stopped_before_requested_batch,2,1,2,2,1,3.9414400000000001,0.50742900000000002,1.1799580000000001,0.70058900000000002,1
11,,86,98,uncertainty,5,0.34999999999999998,2.3989165637663223,"[""mofsimplify_solvent_test_00186_KIYMIP"",""mofsimplify_solvent_test_00306_RAHMAP""]",False,stopped_before_requested_batch,2,1,2,2,1,2.7561979999999999,0.72563699999999998,1.499085,0.50091200000000002,0.33333333333333331
11,,86,98,cost_aware,5,0.34999999999999998,2.3989165637663223,"[""mofsimplify_solvent_val_00348_ZUQMAB"",""mofsimplify_solvent_val_00219_PAMHIW""]",False,stopped_before_requested_batch,2,1,2,1,0.5,2.7448350000000001,0.36432100000000001,1.434736,0.55529899999999999,0.33333333333333331
11,,86,98,portfolio_batch,5,0.34999999999999998,2.3989165637663223,"[""mofsimplify_solvent_val_00290_VACLIX"",""mofsimplify_solvent_test_00021_BADYAJ""]",False,stopped_before_requested_batch,2,1,2,2,1,3.9414400000000001,0.50742900000000002,1.1799580000000001,0.70058900000000002,1
11,0,86,98,random_baseline,5,0.34999999999999998,2.3989165637663223,"[""mofsimplify_solvent_test_00359_UMEKII"",""mofsimplify_solvent_test_00002_ACOLEL""]",False,stopped_before_requested_batch,2,1,2,2,1,2.9555929999999999,0.67668300000000003,1.516913,0.48214899999999999,0
11,1,86,98,random_baseline,5,0.34999999999999998,2.3989165637663223,"[""mofsimplify_solvent_test_00034_BOWNUY"",""mofsimplify_solvent_test_00414_YARBAW""]",False,stopped_before_requested_batch,2,1,2,1,0.5,2.953468,0.33858500000000002,1.474729,0.520814,0
11,2,86,98,random_baseline,5,0.34999999999999998,2.3989165637663223,"[""mofsimplify_solvent_val_00056_EBUREA"",""mofsimplify_solvent_val_00258_SENVIR""]",False,stopped_before_requested_batch,2,1,2,1,0.5,3.029261,0.33011400000000002,1.432671,0.55732599999999999,0
11,3,86,98,random_baseline,5,0.34999999999999998,2.3989165637663223,"[""mofsimplify_solvent_test_00244_NIRDAT"",""mofsimplify_solvent_val_00082_FIFPAM""]",False,stopped_before_requested_batch,2,1,2,1,0.5,3.640085,0.27471899999999999,1.565401,0.41142800000000002,0
11,4,86,98,random_baseline,5,0.34999999999999998,2.3989165637663223,"[""mofsimplify_solvent_test_00153_INIXOT"",""mofsimplify_solvent_test_00142_HUWLUI""]",False,stopped_before_requested_batch,2,1,2,1,0.5,5.1389940000000003,0.19459099999999999,1.4375469999999999,0.54367299999999996,0
11,5,86,98,random_baseline,5,0.34999999999999998,2.3989165637663223,"[""mofsimplify_solvent_test_00414_YARBAW"",""mofsimplify_solvent_val_00056_EBUREA""]",False,stopped_before_requested_batch,2,1,2,1,0.5,2.789501,0.358487,1.481058,0.51588800000000001,0
11,6,86,98,random_baseline,5,0.34999999999999998,2.3989165637663223,"[""mofsimplify_solvent_val_00285_UNABIV"",""mofsimplify_solvent_test_00010_ANEHEI""]",False,stopped_before_requested_batch,2,1,2,2,1,3.077604,0.64985599999999999,1.51295,0.46058100000000002,0
11,7,86,98,random_baseline,5,0.34999999999999998,2.3989165637663223,"[""mofsimplify_solvent_test_00125_GUVCOP"",""mofsimplify_solvent_test_00214_MAYJOM""]",False,stopped_before_requested_batch,2,1,2,0,0,3.135113,0,1.4987969999999999,0.48186600000000002,0
11,8,86,98,random_baseline,5,0.34999999999999998,2.3989165637663223,"[""mofsimplify_solvent_val_00231_QITZIE"",""mofsimplify_solvent_test_00095_EYULOA""]",False,stopped_before_requested_batch,2,1,2,1,0.5,2.7869660000000001,0.35881299999999999,1.47441,0.52350699999999994,0
11,9,86,98,random_baseline,5,0.34999999999999998,2.3989165637663223,"[""mofsimplify_solvent_test_00327_SERWAP"",""mofsimplify_solvent_test_00123_GUKYUI""]",False,stopped_before_requested_batch,2,1,2,1,0.5,3.8774060000000001,0.25790400000000002,1.3483510000000001,0.61195699999999997,0
12,,86,98,top_score,5,0.34999999999999998,2.3989165637663223,"[""mofsimplify_solvent_val_00290_VACLIX"",""mofsimplify_solvent_test_00021_BADYAJ""]",False,stopped_before_requested_batch,2,1,2,2,1,3.9414400000000001,0.50742900000000002,1.1799580000000001,0.70058900000000002,1
12,,86,98,uncertainty,5,0.34999999999999998,2.3989165637663223,"[""mofsimplify_solvent_test_00206_LUYSEF"",""mofsimplify_solvent_test_00186_KIYMIP""]",False,stopped_before_requested_batch,2,1,2,2,1,2.9658440000000001,0.67434400000000005,1.4996970000000001,0.50030200000000002,1
12,,86,98,cost_aware,5,0.34999999999999998,2.3989165637663223,"[""mofsimplify_solvent_test_00431_ZASJAG"",""mofsimplify_solvent_test_00146_ICITEU""]",False,stopped_before_requested_batch,2,1,2,1,0.5,2.9397180000000001,0.340169,1.368217,0.59919699999999998,0.33333333333333331
12,,86,98,portfolio_batch,5,0.34999999999999998,2.3989165637663223,"[""mofsimplify_solvent_val_00290_VACLIX"",""mofsimplify_solvent_test_00021_BADYAJ""]",False,stopped_before_requested_batch,2,1,2,2,1,3.9414400000000001,0.50742900000000002,1.1799580000000001,0.70058900000000002,1
12,0,86,98,random_baseline,5,0.34999999999999998,2.3989165637663223,"[""mofsimplify_solvent_val_00335_YEKXUJ"",""mofsimplify_solvent_test_00155_IYUROK""]",False,stopped_before_requested_batch,2,1,2,2,1,3.219913,0.62113499999999999,1.494745,0.50304000000000004,0
12,1,86,98,random_baseline,5,0.34999999999999998,2.3989165637663223,"[""mofsimplify_solvent_test_00021_BADYAJ"",""mofsimplify_solvent_test_00435_ZISFEO""]",False,stopped_before_requested_batch,2,1,2,1,0.5,3.500734,0.28565400000000002,1.350231,0.59129399999999999,0
12,2,86,98,random_baseline,5,0.34999999999999998,2.3989165637663223,"[""mofsimplify_solvent_test_00297_QOKCID"",""mofsimplify_solvent_val_00180_NATHUO""]",False,stopped_before_requested_batch,2,1,2,2,1,3.1762980000000001,0.629664,1.4536929999999999,0.54123900000000003,0
12,3,86,98,random_baseline,5,0.34999999999999998,2.3989165637663223,"[""mofsimplify_solvent_test_00252_OGAXUR"",""mofsimplify_solvent_test_00297_QOKCID""]",False,stopped_before_requested_batch,2,1,2,2,1,3.3240090000000002,0.60168299999999997,1.4666459999999999,0.52977399999999997,0
12,4,86,98,random_baseline,5,0.34999999999999998,2.3989165637663223,"[""mofsimplify_solvent_val_00281_UJEFOE01"",""mofsimplify_solvent_val_00285_UNABIV""]",False,stopped_before_requested_batch,2,1,2,2,1,3.1633819999999999,0.63223499999999999,1.53546,0.44120500000000001,0
12,5,86,98,random_baseline,5,0.34999999999999998,2.3989165637663223,"[""mofsimplify_solvent_test_00325_SARNOQ"",""mofsimplify_solvent_val_00335_YEKXUJ""]",False,stopped_before_requested_batch,2,1,2,2,1,3.253978,0.61463199999999996,1.4728319999999999,0.52524700000000002,0
12,6,86,98,random_baseline,5,0.34999999999999998,2.3989165637663223,"[""mofsimplify_solvent_val_00174_MONQIR"",""mofsimplify_solvent_test_00405_XICYAL""]",False,stopped_before_requested_batch,2,1,2,1,0.5,3.050856,0.32777699999999999,1.5022470000000001,0.49740099999999998,0
12,7,86,98,random_baseline,5,0.34999999999999998,2.3989165637663223,"[""mofsimplify_solvent_val_00034_COPXOV"",""mofsimplify_solvent_test_00186_KIYMIP""]",False,stopped_before_requested_batch,2,1,2,2,1,2.7393299999999998,0.73010600000000003,1.4971019999999999,0.50285800000000003,0
12,8,86,98,random_baseline,5,0.34999999999999998,2.3989165637663223,"[""mofsimplify_solvent_test_00280_POMMAH"",""mofsimplify_solvent_test_00034_BOWNUY""]",False,stopped_before_requested_batch,2,1,2,2,1,3.1062080000000001,0.643872,1.44472,0.54841200000000001,0
12,9,86,98,random_baseline,5,0.34999999999999998,2.3989165637663223,"[""mofsimplify_solvent_val_00200_OMAMEU"",""mofsimplify_solvent_val_00081_FIFNUE""]",False,stopped_before_requested_batch,2,1,2,1,0.5,3.4616669999999998,0.28887800000000002,1.560659,0.41950999999999999,0
13,,86,97,top_score,5,0.34999999999999998,2.3989165637663223,"[""mofsimplify_solvent_test_00036_BUPVEP"",""mofsimplify_solvent_test_00015_AVILEY""]",False,stopped_before_requested_batch,2,1,2,2,1,4.0425950000000004,0.49473200000000001,1.2235879999999999,0.68029700000000004,0
13,,86,97,uncertainty,5,0.34999999999999998,2.3989165637663223,"[""mofsimplify_solvent_test_00206_LUYSEF"",""mofsimplify_solvent_val_00072_EXAXAE""]",False,stopped_before_requested_batch,2,1,2,2,1,3.112066,0.64266000000000001,1.4992080000000001,0.50078900000000004,0.33333333333333331
13,,86,97,cost_aware,5,0.34999999999999998,2.3989165637663223,"[""mofsimplify_solvent_test_00431_ZASJAG"",""mofsimplify_solvent_val_00348_ZUQMAB""]",False,stopped_before_requested_batch,2,1,2,2,1,2.6797149999999998,0.74634800000000001,1.4432739999999999,0.54919899999999999,1
13,,86,97,portfolio_batch,5,0.34999999999999998,2.3989165637663223,"[""mofsimplify_solvent_test_00036_BUPVEP"",""mofsimplify_solvent_test_00015_AVILEY""]",False,stopped_before_requested_batch,2,1,2,2,1,4.0425950000000004,0.49473200000000001,1.2235879999999999,0.68029700000000004,0
13,0,86,97,random_baseline,5,0.34999999999999998,2.3989165637663223,"[""mofsimplify_solvent_val_00219_PAMHIW"",""mofsimplify_solvent_val_00318_XADDAJ""]",False,stopped_before_requested_batch,2,1,2,0,0,2.8156599999999998,0,1.462853,0.52856599999999998,0
13,1,86,97,random_baseline,5,0.34999999999999998,2.3989165637663223,"[""mofsimplify_solvent_val_00225_POZHUI"",""mofsimplify_solvent_test_00016_AVIPOL""]",False,stopped_before_requested_batch,2,1,2,0,0,3.037236,0,1.5033879999999999,0.494778,0
13,2,86,97,random_baseline,5,0.34999999999999998,2.3989165637663223,"[""mofsimplify_solvent_test_00221_MOYYIJ"",""mofsimplify_solvent_test_00253_OGECOU""]",False,stopped_before_requested_batch,2,1,2,1,0.5,3.22105,0.31045800000000001,1.4863960000000001,0.51304899999999998,0
13,3,86,97,random_baseline,5,0.34999999999999998,2.3989165637663223,"[""mofsimplify_solvent_test_00146_ICITEU"",""mofsimplify_solvent_val_00281_UJEFOE01""]",False,stopped_before_requested_batch,2,1,2,1,0.5,3.146039,0.31785999999999998,1.4008449999999999,0.57215000000000005,0
13,4,86,97,random_baseline,5,0.34999999999999998,2.3989165637663223,"[""mofsimplify_solvent_test_00384_WILHIK"",""mofsimplify_solvent_test_00431_ZASJAG""]",False,stopped_before_requested_batch,2,1,2,2,1,2.757927,0.72518199999999999,1.4242250000000001,0.56394100000000003,0
13,5,86,97,random_baseline,5,0.34999999999999998,2.3989165637663223,"[""mofsimplify_solvent_test_00029_BIDPOV"",""mofsimplify_solvent_test_00037_BUSQEM""]",False,stopped_before_requested_batch,2,1,2,1,0.5,3.180993,0.31436700000000001,1.5024420000000001,0.49592199999999997,0
13,6,86,97,random_baseline,5,0.34999999999999998,2.3989165637663223,"[""mofsimplify_solvent_test_00045_CEFLEF"",""mofsimplify_solvent_val_00081_FIFNUE""]",False,stopped_before_requested_batch,2,1,2,2,1,3.345682,0.59778500000000001,1.518295,0.46595399999999998,0
13,7,86,97,random_baseline,5,0.34999999999999998,2.3989165637663223,"[""mofsimplify_solvent_val_00278_UDEPIE"",""mofsimplify_solvent_test_00388_WOJJOV""]",False,stopped_before_requested_batch,2,1,2,2,1,3.2902110000000002,0.60786399999999996,1.5048520000000001,0.48936099999999999,0
13,8,86,97,random_baseline,5,0.34999999999999998,2.3989165637663223,"[""mofsimplify_solvent_test_00041_CANYIB"",""mofsimplify_solvent_val_00161_LIXWEV""]",False,stopped_before_requested_batch,2,1,2,1,0.5,3.9329580000000002,0.25426199999999999,1.4991080000000001,0.48157800000000001,0
13,9,86,97,random_baseline,5,0.34999999999999998,2.3989165637663223,"[""mofsimplify_solvent_test_00093_EWESAC"",""mofsimplify_solvent_test_00004_ACOLOV""]",False,stopped_before_requested_batch,2,1,2,2,1,3.2693819999999998,0.61173599999999995,1.426585,0.55832999999999999,0
14,,86,96,top_score,5,0.34999999999999998,2.3989165637663223,"[""mofsimplify_solvent_val_00290_VACLIX"",""mofsimplify_solvent_test_00021_BADYAJ""]",False,stopped_before_requested_batch,2,1,2,2,1,3.9414400000000001,0.50742900000000002,1.1799580000000001,0.70058900000000002,1
14,,86,96,uncertainty,5,0.34999999999999998,2.3989165637663223,"[""mofsimplify_solvent_test_00206_LUYSEF"",""mofsimplify_solvent_test_00306_RAHMAP""]",False,stopped_before_requested_batch,2,1,2,2,1,2.9841869999999999,0.67019899999999999,1.4992540000000001,0.50074300000000005,0.33333333333333331
14,,86,96,cost_aware,5,0.34999999999999998,2.3989165637663223,"[""mofsimplify_solvent_val_00348_ZUQMAB"",""mofsimplify_solvent_test_00075_EBIJAC""]",False,stopped_before_requested_batch,2,1,2,2,1,2.672838,0.74826800000000004,1.449403,0.54461499999999996,0.33333333333333331
14,,86,96,portfolio_batch,5,0.34999999999999998,2.3989165637663223,"[""mofsimplify_solvent_val_00290_VACLIX"",""mofsimplify_solvent_test_00021_BADYAJ""]",False,stopped_before_requested_batch,2,1,2,2,1,3.9414400000000001,0.50742900000000002,1.1799580000000001,0.70058900000000002,1
14,0,86,96,random_baseline,5,0.34999999999999998,2.3989165637663223,"[""mofsimplify_solvent_val_00038_DAMYOI"",""mofsimplify_solvent_test_00155_IYUROK""]",False,stopped_before_requested_batch,2,1,2,1,0.5,3.0843069999999999,0.32422200000000001,1.5009330000000001,0.49763800000000002,0
14,1,86,96,random_baseline,5,0.34999999999999998,2.3989165637663223,"[""mofsimplify_solvent_test_00335_TACJIS"",""mofsimplify_solvent_val_00058_ECEZAO01""]",False,stopped_before_requested_batch,2,1,2,2,1,3.4583089999999999,0.57831699999999997,1.491217,0.50801300000000005,0
14,2,86,96,random_baseline,5,0.34999999999999998,2.3989165637663223,"[""mofsimplify_solvent_test_00326_SEGBIR"",""mofsimplify_solvent_test_00095_EYULOA""]",False,stopped_before_requested_batch,2,1,2,2,1,2.8793660000000001,0.69459700000000002,1.4693290000000001,0.52817800000000004,0
14,3,86,96,random_baseline,5,0.34999999999999998,2.3989165637663223,"[""mofsimplify_solvent_test_00003_ACOLIP"",""mofsimplify_solvent_test_00061_DAMYUO""]",False,stopped_before_requested_batch,2,1,2,1,0.5,3.0036839999999998,0.33292500000000003,1.485339,0.51393900000000003,0
14,4,86,96,random_baseline,5,0.34999999999999998,2.3989165637663223,"[""mofsimplify_solvent_test_00095_EYULOA"",""mofsimplify_solvent_test_00283_QAKFIU""]",False,stopped_before_requested_batch,2,1,2,1,0.5,2.9269539999999998,0.34165200000000001,1.49234,0.50467200000000001,0
14,5,86,96,random_baseline,5,0.34999999999999998,2.3989165637663223,"[""mofsimplify_solvent_val_00332_YARBUQ"",""mofsimplify_solvent_test_00433_ZIJVAR""]",False,stopped_before_requested_batch,2,1,2,1,0.5,2.849793,0.35090300000000002,1.5188470000000001,0.47948600000000002,0
14,6,86,96,random_baseline,5,0.34999999999999998,2.3989165637663223,"[""mofsimplify_solvent_val_00145_KILJEV"",""mofsimplify_solvent_test_00061_DAMYUO""]",False,stopped_before_requested_batch,2,1,2,0,0,3.3843890000000001,0,1.5160169999999999,0.47658299999999998,0
14,7,86,96,random_baseline,5,0.34999999999999998,2.3989165637663223,"[""mofsimplify_solvent_val_00058_ECEZAO01"",""mofsimplify_solvent_val_00102_HADQUA""]",False,stopped_before_requested_batch,2,1,2,1,0.5,3.2419259999999999,0.30845899999999998,1.4424539999999999,0.54439199999999999,0
14,8,86,96,random_baseline,5,0.34999999999999998,2.3989165637663223,"[""mofsimplify_solvent_test_00125_GUVCOP"",""mofsimplify_solvent_val_00177_MOYYEF""]",False,stopped_before_requested_batch,2,1,2,0,0,3.0154999999999998,0,1.5372220000000001,0.448878,0
14,9,86,96,random_baseline,5,0.34999999999999998,2.3989165637663223,"[""mofsimplify_solvent_test_00413_XUYXAR"",""mofsimplify_solvent_test_00356_ULASAD""]",False,stopped_before_requested_batch,2,1,2,2,1,3.2885469999999999,0.60817100000000002,1.5273140000000001,0.41110000000000002,0
15,,86,97,top_score,5,0.34999999999999998,2.3989165637663223,"[""mofsimplify_solvent_val_00290_VACLIX"",""mofsimplify_solvent_test_00036_BUPVEP""]",False,stopped_before_requested_batch,2,1,2,2,1,3.9837349999999998,0.50204099999999996,1.191346,0.69534799999999997,0.33333333333333331
15,,86,97,uncertainty,5,0.34999999999999998,2.3989165637663223,"[""mofsimplify_solvent_test_00206_LUYSEF"",""mofsimplify_solvent_val_00072_EXAXAE""]",False,stopped_before_requested_batch,2,1,2,2,1,3.112066,0.64266000000000001,1.4992080000000001,0.50078900000000004,0.33333333333333331
15,,86,97,cost_aware,5,0.34999999999999998,2.3989165637663223,"[""mofsimplify_solvent_val_00219_PAMHIW"",""mofsimplify_solvent_test_00407_XOGXAU""]",False,stopped_before_requested_batch,2,1,2,0,0,2.8477739999999998,0,1.416909,0.56915199999999999,0
15,,86,97,portfolio_batch,5,0.34999999999999998,2.3989165637663223,"[""mofsimplify_solvent_val_00290_VACLIX"",""mofsimplify_solvent_test_00036_BUPVEP""]",False,stopped_before_requested_batch,2,1,2,2,1,3.9837349999999998,0.50204099999999996,1.191346,0.69534799999999997,0.33333333333333331
15,0,86,97,random_baseline,5,0.34999999999999998,2.3989165637663223,"[""mofsimplify_solvent_test_00376_VUMCEM"",""mofsimplify_solvent_test_00387_WOHZAU""]",False,stopped_before_requested_batch,2,1,2,1,0.5,3.4290289999999999,0.291628,1.442094,0.54867500000000002,0
15,1,86,97,random_baseline,5,0.34999999999999998,2.3989165637663223,"[""mofsimplify_solvent_test_00411_XUVQOW"",""mofsimplify_solvent_val_00210_OVIWIA""]",False,stopped_before_requested_batch,2,1,2,2,1,3.5087700000000002,0.56999999999999995,1.5211980000000001,0.46438099999999999,0
15,2,86,97,random_baseline,5,0.34999999999999998,2.3989165637663223,"[""mofsimplify_solvent_test_00252_OGAXUR"",""mofsimplify_solvent_test_00196_LEDPIU""]",False,stopped_before_requested_batch,2,1,2,2,1,3.113928,0.64227599999999996,1.4905409999999999,0.50920500000000002,0
15,3,86,97,random_baseline,5,0.34999999999999998,2.3989165637663223,"[""mofsimplify_solvent_test_00283_QAKFIU"",""mofsimplify_solvent_test_00411_XUVQOW""]",False,stopped_before_requested_batch,2,1,2,1,0.5,2.9299379999999999,0.341304,1.4989920000000001,0.49902600000000003,0
15,4,86,97,random_baseline,5,0.34999999999999998,2.3989165637663223,"[""mofsimplify_solvent_val_00319_XADDOX"",""mofsimplify_solvent_val_00285_UNABIV""]",False,stopped_before_requested_batch,2,1,2,1,0.5,3.0766040000000001,0.32503399999999999,1.514043,0.45972000000000002,0
15,5,86,97,random_baseline,5,0.34999999999999998,2.3989165637663223,"[""mofsimplify_solvent_val_00219_PAMHIW"",""mofsimplify_solvent_test_00003_ACOLIP""]",False,stopped_before_requested_batch,2,1,2,1,0.5,2.8751910000000001,0.34780299999999997,1.451125,0.54069,0
15,6,86,97,random_baseline,5,0.34999999999999998,2.3989165637663223,"[""mofsimplify_solvent_test_00232_NALYEG"",""mofsimplify_solvent_test_00138_HOVGIK""]",False,stopped_before_requested_batch,2,1,2,2,1,3.5222570000000002,0.56781800000000004,1.532734,0.45696999999999999,0
15,7,86,97,random_baseline,5,0.34999999999999998,2.3989165637663223,"[""mofsimplify_solvent_val_00319_XADDOX"",""mofsimplify_solvent_test_00218_MITGUR01""]",False,stopped_before_requested_batch,2,1,2,0,0,3.0408979999999999,0,1.46787,0.52890700000000002,0
15,8,86,97,random_baseline,5,0.34999999999999998,2.3989165637663223,"[""mofsimplify_solvent_test_00387_WOHZAU"",""mofsimplify_solvent_val_00210_OVIWIA""]",False,stopped_before_requested_batch,2,1,2,2,1,3.6442899999999998,0.54880399999999996,1.524098,0.461816,0
15,9,86,97,random_baseline,5,0.34999999999999998,2.3989165637663223,"[""mofsimplify_solvent_test_00388_WOJJOV"",""mofsimplify_solvent_val_00162_LUJBAV""]",False,stopped_before_requested_batch,2,1,2,1,0.5,2.8539669999999999,0.35038900000000001,1.463233,0.53352100000000002,0
16,,86,97,top_score,5,0.34999999999999998,2.3989165637663223,"[""mofsimplify_solvent_test_00036_BUPVEP"",""mofsimplify_solvent_test_00015_AVILEY""]",False,stopped_before_requested_batch,2,1,2,2,1,4.0425950000000004,0.49473200000000001,1.2235879999999999,0.68029700000000004,0
16,,86,97,uncertainty,5,0.34999999999999998,2.3989165637663223,"[""mofsimplify_solvent_test_00206_LUYSEF"",""mofsimplify_solvent_val_00343_ZAHLEC""]",False,stopped_before_requested_batch,2,1,2,1,0.5,3.1989079999999999,0.31260700000000002,1.500462,0.49953700000000001,0.33333333333333331
16,,86,97,cost_aware,5,0.34999999999999998,2.3989165637663223,"[""mofsimplify_solvent_test_00384_WILHIK"",""mofsimplify_solvent_val_00219_PAMHIW""]",False,stopped_before_requested_batch,2,1,2,1,0.5,2.8230469999999999,0.35422700000000001,1.4156880000000001,0.57004100000000002,0
16,,86,97,portfolio_batch,5,0.34999999999999998,2.3989165637663223,"[""mofsimplify_solvent_test_00036_BUPVEP"",""mofsimplify_solvent_test_00015_AVILEY""]",False,stopped_before_requested_batch,2,1,2,2,1,4.0425950000000004,0.49473200000000001,1.2235879999999999,0.68029700000000004,0
16,0,86,97,random_baseline,5,0.34999999999999998,2.3989165637663223,"[""mofsimplify_solvent_val_00315_WURNOO"",""mofsimplify_solvent_test_00002_ACOLEL""]",False,stopped_before_requested_batch,2,1,2,2,1,2.8254570000000001,0.70784999999999998,1.485719,0.51175899999999996,0
16,1,86,97,random_baseline,5,0.34999999999999998,2.3989165637663223,"[""mofsimplify_solvent_test_00137_HOMRIL"",""mofsimplify_solvent_val_00343_ZAHLEC""]",False,stopped_before_requested_batch,2,1,2,1,0.5,3.2757610000000001,0.30527300000000002,1.510697,0.48862100000000003,0
16,2,86,97,random_baseline,5,0.34999999999999998,2.3989165637663223,"[""mofsimplify_solvent_val_00059_EDIKIL"",""mofsimplify_solvent_test_00155_IYUROK""]",False,stopped_before_requested_batch,2,1,2,2,1,3.2304590000000002,0.61910699999999996,1.527706,0.46950500000000001,0
16,3,86,97,random_baseline,5,0.34999999999999998,2.3989165637663223,"[""mofsimplify_solvent_test_00361_UQOWUU"",""mofsimplify_solvent_val_00281_UJEFOE01""]",False,stopped_before_requested_batch,2,1,2,2,1,3.567212,0.56066199999999999,1.4714100000000001,0.52581100000000003,0
16,4,86,97,random_baseline,5,0.34999999999999998,2.3989165637663223,"[""mofsimplify_solvent_val_00118_IPIHIA"",""mofsimplify_solvent_test_00083_ENOSAD""]",False,stopped_before_requested_batch,2,1,2,1,0.5,2.8460220000000001,0.35136800000000001,1.5259860000000001,0.47103600000000001,0
16,5,86,97,random_baseline,5,0.34999999999999998,2.3989165637663223,"[""mofsimplify_solvent_test_00387_WOHZAU"",""mofsimplify_solvent_val_00097_GIXGOK""]",False,stopped_before_requested_batch,2,1,2,1,0.5,3.3840020000000002,0.29550799999999999,1.4454610000000001,0.54632999999999998,0
16,6,86,97,random_baseline,5,0.34999999999999998,2.3989165637663223,"[""mofsimplify_solvent_val_00258_SENVIR"",""mofsimplify_solvent_val_00191_NUNCEG""]",False,stopped_before_requested_batch,2,1,2,0,0,4.3824100000000001,0,1.434682,0.55571300000000001,0
16,7,86,97,random_baseline,5,0.34999999999999998,2.3989165637663223,"[""mofsimplify_solvent_test_00053_COTVOY"",""mofsimplify_solvent_val_00139_KAVTUY""]",False,stopped_before_requested_batch,2,1,2,2,1,3.5447229999999998,0.56421900000000003,1.560802,0.40767500000000001,0
16,8,86,97,random_baseline,5,0.34999999999999998,2.3989165637663223,"[""mofsimplify_solvent_test_00196_LEDPIU"",""mofsimplify_solvent_test_00388_WOJJOV""]",False,stopped_before_requested_batch,2,1,2,2,1,2.9304839999999999,0.682481,1.4782470000000001,0.520119,0
16,9,86,97,random_baseline,5,0.34999999999999998,2.3989165637663223,"[""mofsimplify_solvent_test_00387_WOHZAU"",""mofsimplify_solvent_test_00196_LEDPIU""]",False,stopped_before_requested_batch,2,1,2,2,1,3.05985,0.65362699999999996,1.4855929999999999,0.51374600000000004,0
17,,86,99,top_score,5,0.34999999999999998,2.3989165637663223,"[""mofsimplify_solvent_val_00290_VACLIX"",""mofsimplify_solvent_test_00021_BADYAJ""]",False,stopped_before_requested_batch,2,1,2,2,1,3.9414400000000001,0.50742900000000002,1.1799580000000001,0.70058900000000002,1
17,,86,99,uncertainty,5,0.34999999999999998,2.3989165637663223,"[""mofsimplify_solvent_test_00186_KIYMIP"",""mofsimplify_solvent_test_00306_RAHMAP""]",False,stopped_before_requested_batch,2,1,2,2,1,2.7561979999999999,0.72563699999999998,1.499085,0.50091200000000002,0.33333333333333331
17,,86,99,cost_aware,5,0.34999999999999998,2.3989165637663223,"[""mofsimplify_solvent_test_00384_WILHIK"",""mofsimplify_solvent_val_00219_PAMHIW""]",False,stopped_before_requested_batch,2,1,2,1,0.5,2.8230469999999999,0.35422700000000001,1.4156880000000001,0.57004100000000002,0
17,,86,99,portfolio_batch,5,0.34999999999999998,2.3989165637663223,"[""mofsimplify_solvent_val_00290_VACLIX"",""mofsimplify_solvent_test_00021_BADYAJ""]",False,stopped_before_requested_batch,2,1,2,2,1,3.9414400000000001,0.50742900000000002,1.1799580000000001,0.70058900000000002,1
17,0,86,99,random_baseline,5,0.34999999999999998,2.3989165637663223,"[""mofsimplify_solvent_val_00150_KOMHAW"",""mofsimplify_solvent_test_00412_XUWKEH""]",False,stopped_before_requested_batch,2,1,2,2,1,3.4915910000000001,0.57280500000000001,1.552989,0.37609100000000001,0
17,1,86,99,random_baseline,5,0.34999999999999998,2.3989165637663223,"[""mofsimplify_solvent_val_00219_PAMHIW"",""mofsimplify_solvent_val_00344_ZALMIL""]",False,stopped_before_requested_batch,2,1,2,1,0.5,2.83725,0.35245399999999999,1.457473,0.53434599999999999,0
17,2,86,99,random_baseline,5,0.34999999999999998,2.3989165637663223,"[""mofsimplify_solvent_test_00289_QEYWUN"",""mofsimplify_solvent_test_00153_INIXOT""]",False,stopped_before_requested_batch,2,1,2,2,1,3.858025,0.51839999999999997,1.413756,0.56746200000000002,0
17,3,86,99,random_baseline,5,0.34999999999999998,2.3989165637663223,"[""mofsimplify_solvent_test_00387_WOHZAU"",""mofsimplify_solvent_test_00252_OGAXUR""]",False,stopped_before_requested_batch,2,1,2,2,1,3.2416640000000001,0.61696700000000004,1.483706,0.51553800000000005,0
17,4,86,99,random_baseline,5,0.34999999999999998,2.3989165637663223,"[""mofsimplify_solvent_test_00004_ACOLOV"",""mofsimplify_solvent_test_00435_ZISFEO""]",False,stopped_before_requested_batch,2,1,2,1,0.5,3.4724240000000002,0.28798299999999999,1.4423189999999999,0.542624,0
17,5,86,99,random_baseline,5,0.34999999999999998,2.3989165637663223,"[""mofsimplify_solvent_test_00387_WOHZAU"",""mofsimplify_solvent_test_00016_AVIPOL""]",False,stopped_before_requested_batch,2,1,2,1,0.5,2.9885109999999999,0.334615,1.4791190000000001,0.51975499999999997,0
17,6,86,99,random_baseline,5,0.34999999999999998,2.3989165637663223,"[""mofsimplify_solvent_val_00150_KOMHAW"",""mofsimplify_solvent_val_00141_KEGZOL""]",False,stopped_before_requested_batch,2,1,2,1,0.5,3.5487280000000001,0.28179100000000001,1.548854,0.36590299999999998,0
17,7,86,99,random_baseline,5,0.34999999999999998,2.3989165637663223,"[""mofsimplify_solvent_test_00253_OGECOU"",""mofsimplify_solvent_test_00201_LIFSEA""]",False,stopped_before_requested_batch,2,1,2,1,0.5,3.4595050000000001,0.28905900000000001,1.4389749999999999,0.549176,0
17,8,86,99,random_baseline,5,0.34999999999999998,2.3989165637663223,"[""mofsimplify_solvent_test_00186_KIYMIP"",""mofsimplify_solvent_test_00161_JEJWOL""]",False,stopped_before_requested_batch,2,1,2,2,1,3.4658959999999999,0.57705099999999998,1.398072,0.57188399999999995,0
17,9,86,99,random_baseline,5,0.34999999999999998,2.3989165637663223,"[""mofsimplify_solvent_test_00103_FUXXIH"",""mofsimplify_solvent_test_00394_XADDUD""]",False,stopped_before_requested_batch,2,1,2,0,0,2.97295,0,1.455905,0.53866800000000004,0
18,,86,97,top_score,5,0.34999999999999998,2.3989165637663223,"[""mofsimplify_solvent_val_00290_VACLIX"",""mofsimplify_solvent_test_00021_BADYAJ""]",False,stopped_before_requested_batch,2,1,2,2,1,3.9414400000000001,0.50742900000000002,1.1799580000000001,0.70058900000000002,1
18,,86,97,uncertainty,5,0.34999999999999998,2.3989165637663223,"[""mofsimplify_solvent_test_00306_RAHMAP"",""mofsimplify_solvent_val_00149_KIYJAF""]",False,stopped_before_requested_batch,2,1,2,2,1,2.7741530000000001,0.72094100000000005,1.501749,0.49821300000000002,0
18,,86,97,cost_aware,5,0.34999999999999998,2.3989165637663223,"[""mofsimplify_solvent_val_00348_ZUQMAB"",""mofsimplify_solvent_test_00146_ICITEU""]",False,stopped_before_requested_batch,2,1,2,1,0.5,2.8858790000000001,0.34651500000000002,1.38557,0.58569199999999999,0.33333333333333331
18,,86,97,portfolio_batch,5,0.34999999999999998,2.3989165637663223,"[""mofsimplify_solvent_val_00290_VACLIX"",""mofsimplify_solvent_test_00021_BADYAJ""]",False,stopped_before_requested_batch,2,1,2,2,1,3.9414400000000001,0.50742900000000002,1.1799580000000001,0.70058900000000002,1
18,0,86,97,random_baseline,5,0.34999999999999998,2.3989165637663223,"[""mofsimplify_solvent_test_00054_COTVUE"",""mofsimplify_solvent_test_00264_OQETEK""]",False,stopped_before_requested_batch,2,1,2,2,1,3.0873249999999999,0.64781,1.518831,0.47743099999999999,0
18,1,86,97,random_baseline,5,0.34999999999999998,2.3989165637663223,"[""mofsimplify_solvent_test_00218_MITGUR01"",""mofsimplify_solvent_val_00033_COJHIT""]",False,stopped_before_requested_batch,2,1,2,0,0,3.149286,0,1.4982960000000001,0.50136099999999995,0
18,2,86,97,random_baseline,5,0.34999999999999998,2.3989165637663223,"[""mofsimplify_solvent_val_00269_TEYLIU"",""mofsimplify_solvent_test_00040_CAHQOS""]",False,stopped_before_requested_batch,2,1,2,2,1,3.5867079999999998,0.55761400000000005,1.5353209999999999,0.45724300000000001,0
18,3,86,97,random_baseline,5,0.34999999999999998,2.3989165637663223,"[""mofsimplify_solvent_test_00264_OQETEK"",""mofsimplify_solvent_test_00095_EYULOA""]",False,stopped_before_requested_batch,2,1,2,2,1,3.0004420000000001,0.66656899999999997,1.477069,0.52096399999999998,0
18,4,86,97,random_baseline,5,0.34999999999999998,2.3989165637663223,"[""mofsimplify_solvent_test_00358_UMEKEE"",""mofsimplify_solvent_test_00363_UTOTUT""]",False,stopped_before_requested_batch,2,1,2,2,1,2.9465690000000002,0.678755,1.531714,0.46421899999999999,0
18,5,86,97,random_baseline,5,0.34999999999999998,2.3989165637663223,"[""mofsimplify_solvent_val_00295_VAYWID"",""mofsimplify_solvent_val_00285_UNABIV""]",False,stopped_before_requested_batch,2,1,2,1,0.5,3.3349850000000001,0.29985099999999998,1.559612,0.41417599999999999,0
18,6,86,97,random_baseline,5,0.34999999999999998,2.3989165637663223,"[""mofsimplify_solvent_val_00058_ECEZAO01"",""mofsimplify_solvent_test_00246_OCAWAT""]",False,stopped_before_requested_batch,2,1,2,2,1,4.1594049999999996,0.48083799999999999,1.5110479999999999,0.48848900000000001,0
18,7,86,97,random_baseline,5,0.34999999999999998,2.3989165637663223,"[""mofsimplify_solvent_test_00188_KOMGUP"",""mofsimplify_solvent_val_00332_YARBUQ""]",False,stopped_before_requested_batch,2,1,2,1,0.5,3.0352070000000002,0.32946700000000001,1.526931,0.470524,0
18,8,86,97,random_baseline,5,0.34999999999999998,2.3989165637663223,"[""mofsimplify_solvent_test_00142_HUWLUI"",""mofsimplify_solvent_test_00040_CAHQOS""]",False,stopped_before_requested_batch,2,1,2,1,0.5,4.9845879999999996,0.20061799999999999,1.538972,0.453125,0
18,9,86,97,random_baseline,5,0.34999999999999998,2.3989165637663223,"[""mofsimplify_solvent_test_00214_MAYJOM"",""mofsimplify_solvent_test_00325_SARNOQ""]",False,stopped_before_requested_batch,2,1,2,1,0.5,3.2043460000000001,0.31207600000000002,1.453265,0.54069699999999998,0
19,,86,94,top_score,5,0.34999999999999998,2.3989165637663223,"[""mofsimplify_solvent_test_00021_BADYAJ"",""mofsimplify_solvent_test_00015_AVILEY""]",False,stopped_before_requested_batch,2,1,2,2,1,4.0003010000000003,0.49996200000000002,1.2121999999999999,0.68553799999999998,0.33333333333333331
19,,86,94,uncertainty,5,0.34999999999999998,2.3989165637663223,"[""mofsimplify_solvent_test_00206_LUYSEF"",""mofsimplify_solvent_val_00343_ZAHLEC""]",False,stopped_before_requested_batch,2,1,2,1,0.5,3.1989079999999999,0.31260700000000002,1.500462,0.49953700000000001,0.33333333333333331
19,,86,94,cost_aware,5,0.34999999999999998,2.3989165637663223,"[""mofsimplify_solvent_val_00348_ZUQMAB"",""mofsimplify_solvent_test_00075_EBIJAC""]",False,stopped_before_requested_batch,2,1,2,2,1,2.672838,0.74826800000000004,1.449403,0.54461499999999996,0.33333333333333331
19,,86,94,portfolio_batch,5,0.34999999999999998,2.3989165637663223,"[""mofsimplify_solvent_test_00021_BADYAJ"",""mofsimplify_solvent_test_00015_AVILEY""]",False,stopped_before_requested_batch,2,1,2,2,1,4.0003010000000003,0.49996200000000002,1.2121999999999999,0.68553799999999998,0.33333333333333331
19,0,86,94,random_baseline,5,0.34999999999999998,2.3989165637663223,"[""mofsimplify_solvent_val_00203_ORANAY"",""mofsimplify_solvent_val_00281_UJEFOE01""]",False,stopped_before_requested_batch,2,1,2,2,1,3.328443,0.60088200000000003,1.4720340000000001,0.52531000000000005,0
19,1,86,94,random_baseline,5,0.34999999999999998,2.3989165637663223,"[""mofsimplify_solvent_val_00225_POZHUI"",""mofsimplify_solvent_test_00075_EBIJAC""]",False,stopped_before_requested_batch,2,1,2,1,0.5,3.002418,0.333065,1.4827379999999999,0.51183100000000004,0
19,2,86,94,random_baseline,5,0.34999999999999998,2.3989165637663223,"[""mofsimplify_solvent_test_00412_XUWKEH"",""mofsimplify_solvent_test_00387_WOHZAU""]",False,stopped_before_requested_batch,2,1,2,2,1,3.5690400000000002,0.56037499999999996,1.527836,0.402144,0
19,3,86,94,random_baseline,5,0.34999999999999998,2.3989165637663223,"[""mofsimplify_solvent_val_00260_SEVLEM"",""mofsimplify_solvent_val_00141_KEGZOL""]",False,stopped_before_requested_batch,2,1,2,1,0.5,5.3892429999999996,0.185555,1.483285,0.42311300000000002,0
19,4,86,94,random_baseline,5,0.34999999999999998,2.3989165637663223,"[""mofsimplify_solvent_test_00247_OCOKUP"",""mofsimplify_solvent_test_00137_HOMRIL""]",False,stopped_before_requested_batch,2,1,2,1,0.5,3.4023020000000002,0.29391899999999999,1.551973,0.41608299999999998,0
19,5,86,94,random_baseline,5,0.34999999999999998,2.3989165637663223,"[""mofsimplify_solvent_test_00002_ACOLEL"",""mofsimplify_solvent_test_00388_WOJJOV""]",False,stopped_before_requested_batch,2,1,2,2,1,2.910857,0.687083,1.489366,0.50873900000000005,0
19,6,86,94,random_baseline,5,0.34999999999999998,2.3989165637663223,"[""mofsimplify_solvent_test_00105_FUYCIN"",""mofsimplify_solvent_val_00318_XADDAJ""]",False,stopped_before_requested_batch,2,1,2,1,0.5,3.1144820000000002,0.32108100000000001,1.5058720000000001,0.49363499999999999,0
19,7,86,94,random_baseline,5,0.34999999999999998,2.3989165637663223,"[""mofsimplify_solvent_test_00326_SEGBIR"",""mofsimplify_solvent_test_00075_EBIJAC""]",False,stopped_before_requested_batch,2,1,2,2,1,2.783976,0.71839699999999995,1.458591,0.53669699999999998,0
19,8,86,94,random_baseline,5,0.34999999999999998,2.3989165637663223,"[""mofsimplify_solvent_test_00376_VUMCEM"",""mofsimplify_solvent_val_00262_SOCNAB""]",False,stopped_before_requested_batch,2,1,2,0,0,3.44339,0,1.463568,0.52700100000000005,0
19,9,86,94,random_baseline,5,0.34999999999999998,2.3989165637663223,"[""mofsimplify_solvent_test_00297_QOKCID"",""mofsimplify_solvent_val_00239_QOXFIU""]",False,stopped_before_requested_batch,2,1,2,1,0.5,4.0531759999999997,0.24671999999999999,1.489433,0.505019,0
