candidate_id,raw_refcode,source_doi,original_model_split,final_evaluation_split,exclusion_reason
mofsimplify_solvent_val_00001_ABEXUC,ABEXUC,10.1021/ic201013v,calibration,excluded_train_source_overlap,source DOI group also present in training
mofsimplify_solvent_val_00002_ABEYIR,ABEYIR,10.1021/ic201013v,calibration,excluded_train_source_overlap,source DOI group also present in training
mofsimplify_solvent_val_00003_CAKYIY,CAKYIY,10.1021/ic201013v,calibration,excluded_train_source_overlap,source DOI group also present in training
mofsimplify_solvent_val_00005_AHOJUC,AHOJUC,10.1021/cm0112845,calibration,excluded_train_source_overlap,source DOI group also present in training
mofsimplify_solvent_val_00006_AMIMAL,AMIMAL,10.1039/c0dt00999g,calibration,excluded_train_source_overlap,source DOI group also present in training
mofsimplify_solvent_val_00008_ANUGIA,ANUGIA,10.1021/ja107423k,calibration,excluded_train_source_overlap,source DOI group also present in training
mofsimplify_solvent_val_00011_ATICAH,ATICAH,10.1039/b314221c,calibration,excluded_train_source_overlap,source DOI group also present in training
mofsimplify_solvent_val_00015_AXUHEH,AXUHEH,10.1021/cg2006315,calibration,excluded_train_source_overlap,source DOI group also present in training
mofsimplify_solvent_val_00016_AXUHIL,AXUHIL,10.1021/cg2006315,calibration,excluded_train_source_overlap,source DOI group also present in training
mofsimplify_solvent_val_00018_BAKJOO,BAKJOO,10.1039/c1dt10901d,calibration,excluded_train_source_overlap,source DOI group also present in training
mofsimplify_solvent_val_00020_ICAROV,ICAROV,10.1002/chem.201101383,calibration,excluded_train_source_overlap,source DOI group also present in training
mofsimplify_solvent_val_00022_BEFMUW,BEFMUW,10.1038/41937,calibration,excluded_train_source_overlap,source DOI group also present in training
mofsimplify_solvent_val_00024_BETGIS,BETGIS,10.1039/C3CE27063G,calibration,excluded_train_source_overlap,source DOI group also present in training
mofsimplify_solvent_val_00025_BETGOY,BETGOY,10.1039/C3CE27063G,calibration,excluded_train_source_overlap,source DOI group also present in training
mofsimplify_solvent_val_00029_BONWIL,BONWIL,10.1002/chem.200801948,calibration,excluded_train_source_overlap,source DOI group also present in training
mofsimplify_solvent_val_00036_CUKXIR,CUKXIR,10.1021/acs.inorgchem.5b00180,calibration,excluded_train_source_overlap,source DOI group also present in training
mofsimplify_solvent_val_00037_CUWNOZ,CUWNOZ,10.1021/acs.inorgchem.5b01850,calibration,excluded_train_source_overlap,source DOI group also present in training
mofsimplify_solvent_val_00040_DAWCIP,DAWCIP,10.1021/cg201552g,calibration,excluded_train_source_overlap,source DOI group also present in training
mofsimplify_solvent_val_00042_DIMKUH,DIMKUH,10.1021/cg4009587,calibration,excluded_train_source_overlap,source DOI group also present in training
mofsimplify_solvent_val_00045_DOYHOQ,DOYHOQ,10.1021/cg501828u,calibration,excluded_train_source_overlap,source DOI group also present in training
mofsimplify_solvent_val_00049_DUFZUA,DUFZUA,10.1039/b821496d,calibration,excluded_train_source_overlap,source DOI group also present in training
mofsimplify_solvent_val_00053_EBAVUB,EBAVUB,10.1021/acs.cgd.6b01352,calibration,excluded_train_source_overlap,source DOI group also present in training
mofsimplify_solvent_val_00054_EBAWIQ,EBAWIQ,10.1021/acs.cgd.6b01352,calibration,excluded_train_source_overlap,source DOI group also present in training
mofsimplify_solvent_val_00064_ENITOL,ENITOL,10.1021/cg1008768,calibration,excluded_train_source_overlap,source DOI group also present in training
mofsimplify_solvent_val_00068_EVUMUE,EVUMUE,10.1021/cg1015753,calibration,excluded_train_source_overlap,source DOI group also present in training
mofsimplify_solvent_val_00069_EVUNAL,EVUNAL,10.1021/cg1015753,calibration,excluded_train_source_overlap,source DOI group also present in training
mofsimplify_solvent_val_00070_EVUQOC,EVUQOC,10.1021/cg200350j,calibration,excluded_train_source_overlap,source DOI group also present in training
mofsimplify_solvent_val_00071_EVUQUI,EVUQUI,10.1021/cg200350j,calibration,excluded_train_source_overlap,source DOI group also present in training
mofsimplify_solvent_val_00074_FARFIO,FARFIO,10.1021/ja046478a,calibration,excluded_train_source_overlap,source DOI group also present in training
mofsimplify_solvent_val_00075_FARFOU,FARFOU,10.1021/ja046478a,calibration,excluded_train_source_overlap,source DOI group also present in training
mofsimplify_solvent_val_00077_FAWCEN01,FAWCEN01,10.1021/jp303907p,calibration,excluded_train_source_overlap,source DOI group also present in training
mofsimplify_solvent_val_00078_FECZAQ,FECZAQ,10.1039/c2jm15933c,calibration,excluded_train_source_overlap,source DOI group also present in training
mofsimplify_solvent_val_00079_FERWAC,FERWAC,10.1002/chem.201203559,calibration,excluded_train_source_overlap,source DOI group also present in training
mofsimplify_solvent_val_00080_FEWQIJ,FEWQIJ,10.1002/asia.201300250,calibration,excluded_train_source_overlap,source DOI group also present in training
mofsimplify_solvent_val_00083_FIRMUQ,FIRMUQ,10.1038/srep03312,calibration,excluded_train_source_overlap,source DOI group also present in training
mofsimplify_solvent_val_00087_GAJYUN,GAJYUN,10.1039/b9nj00456d,calibration,excluded_train_source_overlap,source DOI group also present in training
mofsimplify_solvent_val_00088_GAJZOI,GAJZOI,10.1039/b9nj00456d,calibration,excluded_train_source_overlap,source DOI group also present in training
mofsimplify_solvent_val_00091_GAXWAF,GAXWAF,10.1039/c2ce25440a,calibration,excluded_train_source_overlap,source DOI group also present in training
mofsimplify_solvent_val_00093_GIQYAH,GIQYAH,10.1021/ic0621695,calibration,excluded_train_source_overlap,source DOI group also present in training
mofsimplify_solvent_val_00094_GIQYIP,GIQYIP,10.1021/ic0621695,calibration,excluded_train_source_overlap,source DOI group also present in training
mofsimplify_solvent_val_00095_GIRYEN,GIRYEN,10.1039/C3CC49106D,calibration,excluded_train_source_overlap,source DOI group also present in training
mofsimplify_solvent_val_00096_GIRYOX,GIRYOX,10.1039/C3CC49106D,calibration,excluded_train_source_overlap,source DOI group also present in training
mofsimplify_solvent_val_00105_HEFFAB,HEFFAB,10.1002/anie.201203594,calibration,excluded_train_source_overlap,source DOI group also present in training
mofsimplify_solvent_val_00106_HEGNOX,HEGNOX,10.1021/cm052859r,calibration,excluded_train_source_overlap,source DOI group also present in training
mofsimplify_solvent_val_00110_IFEQAN,IFEQAN,10.1021/ja401671p,calibration,excluded_train_source_overlap,source DOI group also present in training
mofsimplify_solvent_val_00113_IJASES01,IJASES01,10.1021/cg400531j,calibration,excluded_train_source_overlap,source DOI group also present in training
mofsimplify_solvent_val_00114_KINDIW,KINDIW,10.1021/cg400531j,calibration,excluded_train_source_overlap,source DOI group also present in training
mofsimplify_solvent_val_00123_UJOJEK,UJOJEK,10.1021/acs.inorgchem.5b02956,calibration,excluded_train_source_overlap,source DOI group also present in training
mofsimplify_solvent_val_00124_UJOJIO02,UJOJIO02,10.1021/acs.inorgchem.5b02956,calibration,excluded_train_source_overlap,source DOI group also present in training
mofsimplify_solvent_val_00125_UJOJIO03,UJOJIO03,10.1021/acs.inorgchem.5b02956,calibration,excluded_train_source_overlap,source DOI group also present in training
mofsimplify_solvent_val_00126_UJOJIO04,UJOJIO04,10.1021/acs.inorgchem.5b02956,calibration,excluded_train_source_overlap,source DOI group also present in training
mofsimplify_solvent_val_00127_UJOJIO,UJOJIO,10.1021/acs.inorgchem.5b02956,calibration,excluded_train_source_overlap,source DOI group also present in training
mofsimplify_solvent_val_00128_UJOKIP03,UJOKIP03,10.1021/acs.inorgchem.5b02956,calibration,excluded_train_source_overlap,source DOI group also present in training
mofsimplify_solvent_val_00130_JEJKEP,JEJKEP,10.1021/cg050382q,calibration,excluded_train_source_overlap,source DOI group also present in training
mofsimplify_solvent_val_00131_JEJKIT,JEJKIT,10.1021/cg050382q,calibration,excluded_train_source_overlap,source DOI group also present in training
mofsimplify_solvent_val_00132_JORBAV,JORBAV,10.1021/cg400909b,calibration,excluded_train_source_overlap,source DOI group also present in training
mofsimplify_solvent_val_00135_KADLUZ,KADLUZ,10.1021/acs.cgd.5b01307,calibration,excluded_train_source_overlap,source DOI group also present in training
mofsimplify_solvent_val_00136_KAHYOJ,KAHYOJ,10.1002/ejic.201000344,calibration,excluded_train_source_overlap,source DOI group also present in training
mofsimplify_solvent_val_00147_KIXKOS,KIXKOS,10.1002/adma.200700450,calibration,excluded_train_source_overlap,source DOI group also present in training
mofsimplify_solvent_val_00159_LITCIC,LITCIC,10.1039/C3CE42152J,calibration,excluded_train_source_overlap,source DOI group also present in training
mofsimplify_solvent_val_00165_MAGVOG16,MAGVOG16,10.1038/ncomms5337,calibration,excluded_train_source_overlap,source DOI group also present in training
mofsimplify_solvent_val_00166_MAGVOG27,MAGVOG27,10.1038/ncomms5337,calibration,excluded_train_source_overlap,source DOI group also present in training
mofsimplify_solvent_val_00167_MAGVOG31,MAGVOG31,10.1038/ncomms5337,calibration,excluded_train_source_overlap,source DOI group also present in training
mofsimplify_solvent_val_00168_MAGVOG32,MAGVOG32,10.1038/ncomms5337,calibration,excluded_train_source_overlap,source DOI group also present in training
mofsimplify_solvent_val_00169_MAGVOG35,MAGVOG35,10.1038/ncomms5337,calibration,excluded_train_source_overlap,source DOI group also present in training
mofsimplify_solvent_val_00170_MAKGEN,MAKGEN,10.1021/acs.cgd.6b00060,calibration,excluded_train_source_overlap,source DOI group also present in training
mofsimplify_solvent_val_00185_NIBHOW,NIBHOW,10.1021/ja067435s,calibration,excluded_train_source_overlap,source DOI group also present in training
mofsimplify_solvent_val_00186_NIBHUC,NIBHUC,10.1021/ja067435s,calibration,excluded_train_source_overlap,source DOI group also present in training
mofsimplify_solvent_val_00188_WEVQOD,WEVQOD,10.1039/a909544f,calibration,excluded_train_source_overlap,source DOI group also present in training
mofsimplify_solvent_val_00211_OWAVIS,OWAVIS,10.1021/cg101569a,calibration,excluded_train_source_overlap,source DOI group also present in training
mofsimplify_solvent_val_00213_OWIHEJ,OWIHEJ,10.1021/jacs.6b01323,calibration,excluded_train_source_overlap,source DOI group also present in training
mofsimplify_solvent_val_00214_OWIJAH,OWIJAH,10.1021/jacs.6b01323,calibration,excluded_train_source_overlap,source DOI group also present in training
mofsimplify_solvent_val_00215_OWIJIP,OWIJIP,10.1021/jacs.6b01323,calibration,excluded_train_source_overlap,source DOI group also present in training
mofsimplify_solvent_val_00220_PAMTII,PAMTII,10.1021/cg2010425,calibration,excluded_train_source_overlap,source DOI group also present in training
mofsimplify_solvent_val_00222_PIJDIX,PIJDIX,10.1039/C3DT51434J,calibration,excluded_train_source_overlap,source DOI group also present in training
mofsimplify_solvent_val_00223_PIQMUZ,PIQMUZ,10.1021/ic4020256,calibration,excluded_train_source_overlap,source DOI group also present in training
mofsimplify_solvent_val_00224_PIYZED02,PIYZED02,10.1002/anie.200704421,calibration,excluded_train_source_overlap,source DOI group also present in training
mofsimplify_solvent_val_00228_PURJES,PURJES,10.1039/b913910a,calibration,excluded_train_source_overlap,source DOI group also present in training
mofsimplify_solvent_val_00229_PUZKOM,PUZKOM,10.1039/C5CE01886B,calibration,excluded_train_source_overlap,source DOI group also present in training
mofsimplify_solvent_val_00242_QUSCAJ,QUSCAJ,10.1021/cg9007476,calibration,excluded_train_source_overlap,source DOI group also present in training
mofsimplify_solvent_val_00250_RIXBIK,RIXBIK,10.1021/cg700797v,calibration,excluded_train_source_overlap,source DOI group also present in training
mofsimplify_solvent_val_00263_SOTXAC,SOTXAC,10.1021/cg500114k,calibration,excluded_train_source_overlap,source DOI group also present in training
mofsimplify_solvent_val_00266_TAGTED,TAGTED,10.1021/acs.cgd.5b01297,calibration,excluded_train_source_overlap,source DOI group also present in training
mofsimplify_solvent_val_00267_TAKHEV,TAKHEV,10.1021/acs.inorgchem.5b02193,calibration,excluded_train_source_overlap,source DOI group also present in training
mofsimplify_solvent_val_00280_UFISUY,UFISUY,10.1021/ic702403h,calibration,excluded_train_source_overlap,source DOI group also present in training
mofsimplify_solvent_val_00289_UWODAN,UWODAN,10.1002/zaac.201100082,calibration,excluded_train_source_overlap,source DOI group also present in training
mofsimplify_solvent_val_00296_VAZLEP,VAZLEP,10.1021/cg3004036,calibration,excluded_train_source_overlap,source DOI group also present in training
mofsimplify_solvent_val_00297_VAZMAM,VAZMAM,10.1021/cg3004036,calibration,excluded_train_source_overlap,source DOI group also present in training
mofsimplify_solvent_val_00298_VAZMIU,VAZMIU,10.1021/cg3004036,calibration,excluded_train_source_overlap,source DOI group also present in training
mofsimplify_solvent_val_00299_VAZMOA,VAZMOA,10.1021/cg3004036,calibration,excluded_train_source_overlap,source DOI group also present in training
mofsimplify_solvent_val_00300_VEDFAN,VEDFAN,10.1039/c2jm33269h,calibration,excluded_train_source_overlap,source DOI group also present in training
mofsimplify_solvent_val_00301_VEDGES,VEDGES,10.1039/c2jm33269h,calibration,excluded_train_source_overlap,source DOI group also present in training
mofsimplify_solvent_val_00302_VEDGIW,VEDGIW,10.1039/c2jm33269h,calibration,excluded_train_source_overlap,source DOI group also present in training
mofsimplify_solvent_val_00303_VEGXIQ01,VEGXIQ01,10.1039/c2ce06563k,calibration,excluded_train_source_overlap,source DOI group also present in training
mofsimplify_solvent_val_00312_WOPHEQ,WOPHEQ,10.1021/cg500751e,calibration,excluded_train_source_overlap,source DOI group also present in training
mofsimplify_solvent_val_00317_WUYXIZ,WUYXIZ,10.1039/C5TA04551G,calibration,excluded_train_source_overlap,source DOI group also present in training
mofsimplify_solvent_val_00339_YOYTUD,YOYTUD,10.1021/cg5010616,calibration,excluded_train_source_overlap,source DOI group also present in training
mofsimplify_solvent_val_00340_YOZYOD,YOZYOD,10.1039/C5CE00083A,calibration,excluded_train_source_overlap,source DOI group also present in training
mofsimplify_solvent_val_00345_ZOXTOX,ZOXTOX,10.1039/C4DT02047B,calibration,excluded_train_source_overlap,source DOI group also present in training
mofsimplify_solvent_val_00346_ZOYKEF,ZOYKEF,10.1021/ic502664e,calibration,excluded_train_source_overlap,source DOI group also present in training
mofsimplify_solvent_test_00014_AVELOD,AVELOD,10.1021/cg200242n,calibration,excluded_train_source_overlap,source DOI group also present in training
mofsimplify_solvent_test_00019_AZAWAB,AZAWAB,10.1021/acs.inorgchem.5b01900,calibration,excluded_train_source_overlap,source DOI group also present in training
mofsimplify_solvent_test_00035_BUCVAY,BUCVAY,10.1002/ejic.201500069,calibration,excluded_train_source_overlap,source DOI group also present in training
mofsimplify_solvent_test_00043_CAVSUP,CAVSUP,10.1039/c2dt11992g,calibration,excluded_train_source_overlap,source DOI group also present in training
mofsimplify_solvent_test_00048_CODSUL,CODSUL,10.1039/C4CE00093E,calibration,excluded_train_source_overlap,source DOI group also present in training
mofsimplify_solvent_test_00050_COKROL,COKROL,10.1039/c3ce41090k,calibration,excluded_train_source_overlap,source DOI group also present in training
mofsimplify_solvent_test_00051_CORZIU,CORZIU,10.1039/C4CE01326C,calibration,excluded_train_source_overlap,source DOI group also present in training
mofsimplify_solvent_test_00055_CUFDUD,CUFDUD,10.1021/ja906302t,calibration,excluded_train_source_overlap,source DOI group also present in training
mofsimplify_solvent_test_00064_DEZKEA,DEZKEA,10.1039/C3CE40565F,calibration,excluded_train_source_overlap,source DOI group also present in training
mofsimplify_solvent_test_00066_DIMKER,DIMKER,10.1021/cg4009587,calibration,excluded_train_source_overlap,source DOI group also present in training
mofsimplify_solvent_test_00069_QIRYAS,QIRYAS,10.1039/b715808d,calibration,excluded_train_source_overlap,source DOI group also present in training
mofsimplify_solvent_test_00070_DOMCUE,DOMCUE,10.1039/b802196a,calibration,excluded_train_source_overlap,source DOI group also present in training
mofsimplify_solvent_test_00071_DONKUO,DONKUO,10.1039/C4CE01581A,calibration,excluded_train_source_overlap,source DOI group also present in training
mofsimplify_solvent_test_00088_ETECOX,ETECOX,10.1021/acs.inorgchem.6b01341,calibration,excluded_train_source_overlap,source DOI group also present in training
mofsimplify_solvent_test_00091_ETIXIQ,ETIXIQ,10.1021/acscentsci.6b00168,calibration,excluded_train_source_overlap,source DOI group also present in training
mofsimplify_solvent_test_00092_EVUNIT,EVUNIT,10.1021/cg1015753,calibration,excluded_train_source_overlap,source DOI group also present in training
mofsimplify_solvent_test_00098_FAWCEN02,FAWCEN02,10.1021/jp303907p,calibration,excluded_train_source_overlap,source DOI group also present in training
mofsimplify_solvent_test_00101_FIRNIF,FIRNIF,10.1038/srep03312,calibration,excluded_train_source_overlap,source DOI group also present in training
mofsimplify_solvent_test_00106_LAXGOH03,LAXGOH03,10.1021/acsami.5b06301,calibration,excluded_train_source_overlap,source DOI group also present in training
mofsimplify_solvent_test_00108_GAJZIC,GAJZIC,10.1039/b9nj00456d,calibration,excluded_train_source_overlap,source DOI group also present in training
mofsimplify_solvent_test_00109_GAKBAX,GAKBAX,10.1039/b9nj00456d,calibration,excluded_train_source_overlap,source DOI group also present in training
mofsimplify_solvent_test_00117_GIQYOV,GIQYOV,10.1021/ic0621695,calibration,excluded_train_source_overlap,source DOI group also present in training
mofsimplify_solvent_test_00118_GIRYIR,GIRYIR,10.1039/C3CC49106D,calibration,excluded_train_source_overlap,source DOI group also present in training
mofsimplify_solvent_test_00119_GIRZAK,GIRZAK,10.1039/C3CC49106D,calibration,excluded_train_source_overlap,source DOI group also present in training
mofsimplify_solvent_test_00134_HEFFEF,HEFFEF,10.1002/anie.201203594,calibration,excluded_train_source_overlap,source DOI group also present in training
mofsimplify_solvent_test_00135_HEGNIR,HEGNIR,10.1021/cm052859r,calibration,excluded_train_source_overlap,source DOI group also present in training
mofsimplify_solvent_test_00143_HUYXOP,HUYXOP,10.1021/ic901564y,calibration,excluded_train_source_overlap,source DOI group also present in training
mofsimplify_solvent_test_00145_ZEHCAQ01,ZEHCAQ01,10.1039/b008286o,calibration,excluded_train_source_overlap,source DOI group also present in training
mofsimplify_solvent_test_00147_IFAREN,IFAREN,10.1021/ic701573r,calibration,excluded_train_source_overlap,source DOI group also present in training
mofsimplify_solvent_test_00148_KINFEU,KINFEU,10.1021/cg400531j,calibration,excluded_train_source_overlap,source DOI group also present in training
mofsimplify_solvent_test_00149_RESWUI02,RESWUI02,10.1021/cg400531j,calibration,excluded_train_source_overlap,source DOI group also present in training
mofsimplify_solvent_test_00150_IKETUO,IKETUO,10.1039/c0ce00340a,calibration,excluded_train_source_overlap,source DOI group also present in training
mofsimplify_solvent_test_00156_UJOJIO07,UJOJIO07,10.1021/acs.inorgchem.5b02956,calibration,excluded_train_source_overlap,source DOI group also present in training
mofsimplify_solvent_test_00157_UJOJOU,UJOJOU,10.1021/acs.inorgchem.5b02956,calibration,excluded_train_source_overlap,source DOI group also present in training
mofsimplify_solvent_test_00158_UJOKIP02,UJOKIP02,10.1021/acs.inorgchem.5b02956,calibration,excluded_train_source_overlap,source DOI group also present in training
mofsimplify_solvent_test_00166_KAHYID,KAHYID,10.1002/ejic.201000344,calibration,excluded_train_source_overlap,source DOI group also present in training
mofsimplify_solvent_test_00171_KEFBOO,KEFBOO,10.1021/ic202085j,calibration,excluded_train_source_overlap,source DOI group also present in training
mofsimplify_solvent_test_00172_KEHDOS,KEHDOS,10.1039/c2dt30362k,calibration,excluded_train_source_overlap,source DOI group also present in training
mofsimplify_solvent_test_00173_KEHGEL,KEHGEL,10.1039/c2dt30362k,calibration,excluded_train_source_overlap,source DOI group also present in training
mofsimplify_solvent_test_00181_KIKDAL,KIKDAL,10.1039/C3CE41238E,calibration,excluded_train_source_overlap,source DOI group also present in training
mofsimplify_solvent_test_00183_KINROQ,KINROQ,10.1021/cg400333d,calibration,excluded_train_source_overlap,source DOI group also present in training
mofsimplify_solvent_test_00187_KOMCOG,KOMCOG,10.1002/chem.201402211,calibration,excluded_train_source_overlap,source DOI group also present in training
mofsimplify_solvent_test_00190_KOSLIP,KOSLIP,10.1021/ja506230r,calibration,excluded_train_source_overlap,source DOI group also present in training
mofsimplify_solvent_test_00194_LAFFEG,LAFFEG,10.1002/chem.201504432,calibration,excluded_train_source_overlap,source DOI group also present in training
mofsimplify_solvent_test_00202_LITCUO,LITCUO,10.1039/C3CE42152J,calibration,excluded_train_source_overlap,source DOI group also present in training
mofsimplify_solvent_test_00203_LITDAV,LITDAV,10.1039/C3CE42152J,calibration,excluded_train_source_overlap,source DOI group also present in training
mofsimplify_solvent_test_00204_LUNBAX,LUNBAX,10.1021/cm020103b,calibration,excluded_train_source_overlap,source DOI group also present in training
mofsimplify_solvent_test_00207_MAGVOG14,MAGVOG14,10.1038/ncomms5337,calibration,excluded_train_source_overlap,source DOI group also present in training
mofsimplify_solvent_test_00208_MAGVOG15,MAGVOG15,10.1038/ncomms5337,calibration,excluded_train_source_overlap,source DOI group also present in training
mofsimplify_solvent_test_00209_MAGVOG18,MAGVOG18,10.1038/ncomms5337,calibration,excluded_train_source_overlap,source DOI group also present in training
mofsimplify_solvent_test_00210_MAKFIQ,MAKFIQ,10.1021/acs.cgd.6b00060,calibration,excluded_train_source_overlap,source DOI group also present in training
mofsimplify_solvent_test_00211_MAKFOW,MAKFOW,10.1021/acs.cgd.6b00060,calibration,excluded_train_source_overlap,source DOI group also present in training
mofsimplify_solvent_test_00212_MATVIN,MATVIN,10.1021/ic050452i,calibration,excluded_train_source_overlap,source DOI group also present in training
mofsimplify_solvent_test_00224_MUFXUI,MUFXUI,10.1039/C4CE02564D,calibration,excluded_train_source_overlap,source DOI group also present in training
mofsimplify_solvent_test_00225_MUPYIG,MUPYIG,10.1021/cg9012894,calibration,excluded_train_source_overlap,source DOI group also present in training
mofsimplify_solvent_test_00242_WEVQIX,WEVQIX,10.1039/a909544f,calibration,excluded_train_source_overlap,source DOI group also present in training
mofsimplify_solvent_test_00266_OWIHOT,OWIHOT,10.1021/jacs.6b01323,calibration,excluded_train_source_overlap,source DOI group also present in training
mofsimplify_solvent_test_00272_PEPBAO,PEPBAO,10.1021/ic0605266,calibration,excluded_train_source_overlap,source DOI group also present in training
mofsimplify_solvent_test_00274_PEVQOY,PEVQOY,10.1039/C3CC40635K,calibration,excluded_train_source_overlap,source DOI group also present in training
mofsimplify_solvent_test_00276_PIYZED01,PIYZED01,10.1002/anie.200704421,calibration,excluded_train_source_overlap,source DOI group also present in training
mofsimplify_solvent_test_00277_POFSIN04,POFSIN04,10.1002/anie.200704421,calibration,excluded_train_source_overlap,source DOI group also present in training
mofsimplify_solvent_test_00282_PUZLAZ,PUZLAZ,10.1039/C5CE01886B,calibration,excluded_train_source_overlap,source DOI group also present in training
mofsimplify_solvent_test_00287_QEBGEL,QEBGEL,10.1039/c2sc20443f,calibration,excluded_train_source_overlap,source DOI group also present in training
mofsimplify_solvent_test_00290_QEZZAY,QEZZAY,10.1021/ic3027682,calibration,excluded_train_source_overlap,source DOI group also present in training
mofsimplify_solvent_test_00291_QOBWEJ,QOBWEJ,10.1021/cm000283u,calibration,excluded_train_source_overlap,source DOI group also present in training
mofsimplify_solvent_test_00302_QUJJUC,QUJJUC,10.1021/acs.inorgchem.5b00451,calibration,excluded_train_source_overlap,source DOI group also present in training
mofsimplify_solvent_test_00307_RAYLOU,RAYLOU,10.1039/c2cc32103c,calibration,excluded_train_source_overlap,source DOI group also present in training
mofsimplify_solvent_test_00317_ROCZUG,ROCZUG,10.1039/C4CE00347K,calibration,excluded_train_source_overlap,source DOI group also present in training
mofsimplify_solvent_test_00318_ROMQAN,ROMQAN,10.1002/chem.201403162,calibration,excluded_train_source_overlap,source DOI group also present in training
mofsimplify_solvent_test_00332_SOTWOP,SOTWOP,10.1021/cg500114k,calibration,excluded_train_source_overlap,source DOI group also present in training
mofsimplify_solvent_test_00336_TAGTIH,TAGTIH,10.1021/acs.cgd.5b01297,calibration,excluded_train_source_overlap,source DOI group also present in training
mofsimplify_solvent_test_00340_TIQGUW,TIQGUW,10.1021/cm070930i,calibration,excluded_train_source_overlap,source DOI group also present in training
mofsimplify_solvent_test_00341_TIQHIL,TIQHIL,10.1021/cm070930i,calibration,excluded_train_source_overlap,source DOI group also present in training
mofsimplify_solvent_test_00354_UDOVUG,UDOVUG,10.1039/C3CE40673C,calibration,excluded_train_source_overlap,source DOI group also present in training
mofsimplify_solvent_test_00362_USISEW,USISEW,10.1021/acs.inorgchem.6b00813,calibration,excluded_train_source_overlap,source DOI group also present in training
mofsimplify_solvent_test_00364_VAGBOX,VAGBOX,10.1039/C5CE02544C,calibration,excluded_train_source_overlap,source DOI group also present in training
mofsimplify_solvent_test_00368_VAZLIT,VAZLIT,10.1021/cg3004036,calibration,excluded_train_source_overlap,source DOI group also present in training
mofsimplify_solvent_test_00369_VAZLUF,VAZLUF,10.1021/cg3004036,calibration,excluded_train_source_overlap,source DOI group also present in training
mofsimplify_solvent_test_00370_VEHLIE,VEHLIE,10.1021/ic060059s,calibration,excluded_train_source_overlap,source DOI group also present in training
mofsimplify_solvent_test_00374_VETTOE,VETTOE,10.1021/cg060520r,calibration,excluded_train_source_overlap,source DOI group also present in training
mofsimplify_solvent_test_00380_WAQFIG,WAQFIG,10.1021/acs.cgd.7b00119,calibration,excluded_train_source_overlap,source DOI group also present in training
mofsimplify_solvent_test_00383_WENKIL,WENKIL,10.1039/c2dt32390g,calibration,excluded_train_source_overlap,source DOI group also present in training
mofsimplify_solvent_test_00392_WUYWIY,WUYWIY,10.1039/C5TA04551G,calibration,excluded_train_source_overlap,source DOI group also present in training
mofsimplify_solvent_test_00393_WUYYEW,WUYYEW,10.1039/C5TA04551G,calibration,excluded_train_source_overlap,source DOI group also present in training
mofsimplify_solvent_test_00400_XASPEP,XASPEP,10.1002/zaac.201600356,calibration,excluded_train_source_overlap,source DOI group also present in training
mofsimplify_solvent_test_00403_XEDPED,XEDPED,10.1039/c2cc32927a,calibration,excluded_train_source_overlap,source DOI group also present in training
mofsimplify_solvent_test_00410_XOVYIR,XOVYIR,10.1021/cg800329k,calibration,excluded_train_source_overlap,source DOI group also present in training
mofsimplify_solvent_test_00425_YOYTOX,YOYTOX,10.1021/cg5010616,calibration,excluded_train_source_overlap,source DOI group also present in training
mofsimplify_solvent_test_00426_YOYWEQ01,YOYWEQ01,10.1021/cg5010616,calibration,excluded_train_source_overlap,source DOI group also present in training
mofsimplify_solvent_test_00427_YOZJEE01,YOZJEE01,10.1021/cg5010616,calibration,excluded_train_source_overlap,source DOI group also present in training
mofsimplify_solvent_test_00432_ZEFVIR,ZEFVIR,10.1039/c2ce25859e,calibration,excluded_train_source_overlap,source DOI group also present in training
mofsimplify_solvent_val_00004_AFOYOK,AFOYOK,10.1039/b806671j,test,excluded_train_source_overlap,source DOI group also present in training
mofsimplify_solvent_val_00009_AQALIO,AQALIO,10.1002/zaac.201000378,test,excluded_train_source_overlap,source DOI group also present in training
mofsimplify_solvent_val_00017_BAHGUN01,BAHGUN01,10.1039/b200213b,test,excluded_train_source_overlap,source DOI group also present in training
mofsimplify_solvent_val_00019_BAXGAK,BAXGAK,10.1021/ic202626c,test,excluded_train_source_overlap,source DOI group also present in training
mofsimplify_solvent_val_00023_BEPVID,BEPVID,10.1039/c3sc00016h,test,excluded_train_source_overlap,source DOI group also present in training
mofsimplify_solvent_val_00026_BEXRUT,BEXRUT,10.1039/C3CE27023H,test,excluded_train_source_overlap,source DOI group also present in training
mofsimplify_solvent_val_00027_BIZMAA,BIZMAA,10.1002/chem.201402255,test,excluded_train_source_overlap,source DOI group also present in training
mofsimplify_solvent_val_00032_CAZNOI,CAZNOI,10.1039/c2cc35399g,test,excluded_train_source_overlap,source DOI group also present in training
mofsimplify_solvent_val_00039_DAWBUA,DAWBUA,10.1021/cg201447c,test,excluded_train_source_overlap,source DOI group also present in training
mofsimplify_solvent_val_00041_DEJCIF,DEJCIF,10.1021/cg060087l,test,excluded_train_source_overlap,source DOI group also present in training
mofsimplify_solvent_val_00043_NIBXUT,NIBXUT,10.1021/cm302381k,test,excluded_train_source_overlap,source DOI group also present in training
mofsimplify_solvent_val_00044_TIDMEA,TIDMEA,10.1021/cm302381k,test,excluded_train_source_overlap,source DOI group also present in training
mofsimplify_solvent_val_00047_DUDKOE,DUDKOE,10.1021/ic502488c,test,excluded_train_source_overlap,source DOI group also present in training
mofsimplify_solvent_val_00050_DUNXUH03,DUNXUH03,10.1039/C5DT01560J,test,excluded_train_source_overlap,source DOI group also present in training
mofsimplify_solvent_val_00051_DUNXUH05,DUNXUH05,10.1039/C5DT01560J,test,excluded_train_source_overlap,source DOI group also present in training
mofsimplify_solvent_val_00057_ECAHAT,ECAHAT,10.1039/c1cc14115e,test,excluded_train_source_overlap,source DOI group also present in training
mofsimplify_solvent_val_00060_EHAGAX,EHAGAX,10.1002/cplu.201402121,test,excluded_train_source_overlap,source DOI group also present in training
mofsimplify_solvent_val_00062_EMIGAJ,EMIGAJ,10.1002/anie.201006531,test,excluded_train_source_overlap,source DOI group also present in training
mofsimplify_solvent_val_00063_EMIHEO,EMIHEO,10.1002/anie.201006531,test,excluded_train_source_overlap,source DOI group also present in training
mofsimplify_solvent_val_00067_ETEJUJ,ETEJUJ,10.1039/c1ce05069a,test,excluded_train_source_overlap,source DOI group also present in training
mofsimplify_solvent_val_00084_FOVPOX,FOVPOX,10.1021/cg5006192,test,excluded_train_source_overlap,source DOI group also present in training
mofsimplify_solvent_val_00085_FUWFIO,FUWFIO,10.1039/C5DT02987B,test,excluded_train_source_overlap,source DOI group also present in training
mofsimplify_solvent_val_00086_GAGSUF,GAGSUF,10.1021/acs.cgd.5b01746,test,excluded_train_source_overlap,source DOI group also present in training
mofsimplify_solvent_val_00089_GAMTIY,GAMTIY,10.1021/cg049600q,test,excluded_train_source_overlap,source DOI group also present in training
mofsimplify_solvent_val_00103_HADXOC,HADXOC,10.1021/acs.inorgchem.6b01697,test,excluded_train_source_overlap,source DOI group also present in training
mofsimplify_solvent_val_00104_HADYAP,HADYAP,10.1021/acs.inorgchem.6b01697,test,excluded_train_source_overlap,source DOI group also present in training
mofsimplify_solvent_val_00111_IGUTUB,IGUTUB,10.1038/ncomms7917,test,excluded_train_source_overlap,source DOI group also present in training
mofsimplify_solvent_val_00112_IGUVIR,IGUVIR,10.1038/ncomms7917,test,excluded_train_source_overlap,source DOI group also present in training
mofsimplify_solvent_val_00116_IKOVEL,IKOVEL,10.1021/acs.inorgchem.6b00928,test,excluded_train_source_overlap,source DOI group also present in training
mofsimplify_solvent_val_00117_ILOJOJ,ILOJOJ,10.1039/c0dt00894j,test,excluded_train_source_overlap,source DOI group also present in training
mofsimplify_solvent_val_00119_IXODUV,IXODUV,10.1021/ic1025087,test,excluded_train_source_overlap,source DOI group also present in training
mofsimplify_solvent_val_00120_IXOFAD,IXOFAD,10.1021/ic1025087,test,excluded_train_source_overlap,source DOI group also present in training
mofsimplify_solvent_val_00121_IXOFEH,IXOFEH,10.1021/ic1025087,test,excluded_train_source_overlap,source DOI group also present in training
mofsimplify_solvent_val_00133_JUGQIN,JUGQIN,10.1039/C5CC01181G,test,excluded_train_source_overlap,source DOI group also present in training
mofsimplify_solvent_val_00142_LEYQUD,LEYQUD,10.1002/ejic.201201275,test,excluded_train_source_overlap,source DOI group also present in training
mofsimplify_solvent_val_00143_LEYRAK,LEYRAK,10.1002/ejic.201201275,test,excluded_train_source_overlap,source DOI group also present in training
mofsimplify_solvent_val_00148_KIYMIQ,KIYMIQ,10.1039/C3CE42208A,test,excluded_train_source_overlap,source DOI group also present in training
mofsimplify_solvent_val_00151_KORMOV,KORMOV,10.1002/ejic.201402737,test,excluded_train_source_overlap,source DOI group also present in training
mofsimplify_solvent_val_00154_LETDEU,LETDEU,10.1021/ic061102e,test,excluded_train_source_overlap,source DOI group also present in training
mofsimplify_solvent_val_00157_LIHSIF,LIHSIF,10.1021/ic062269a,test,excluded_train_source_overlap,source DOI group also present in training
mofsimplify_solvent_val_00158_LIJNOJ01,LIJNOJ01,10.1038/ncomms3534,test,excluded_train_source_overlap,source DOI group also present in training
mofsimplify_solvent_val_00163_MAFZOK,MAFZOK,10.1039/c0dt00525h,test,excluded_train_source_overlap,source DOI group also present in training
mofsimplify_solvent_val_00164_MAGBON,MAGBON,10.1039/c0dt00525h,test,excluded_train_source_overlap,source DOI group also present in training
mofsimplify_solvent_val_00172_MITGIF,MITGIF,10.1021/ic0110124,test,excluded_train_source_overlap,source DOI group also present in training
mofsimplify_solvent_val_00176_MOXPUL,MOXPUL,10.1021/ic8019809,test,excluded_train_source_overlap,source DOI group also present in training
mofsimplify_solvent_val_00181_NEDWIE,NEDWIE,10.1021/ja303092m,test,excluded_train_source_overlap,source DOI group also present in training
mofsimplify_solvent_val_00192_NUNPAP,NUNPAP,10.1021/ja070671y,test,excluded_train_source_overlap,source DOI group also present in training
mofsimplify_solvent_val_00193_OCURAG,OCURAG,10.1021/ic0517422,test,excluded_train_source_overlap,source DOI group also present in training
mofsimplify_solvent_val_00194_ODIXAC,ODIXAC,10.1039/C3CE41105B,test,excluded_train_source_overlap,source DOI group also present in training
mofsimplify_solvent_val_00195_ODIXEG,ODIXEG,10.1039/C3CE41105B,test,excluded_train_source_overlap,source DOI group also present in training
mofsimplify_solvent_val_00196_ODODIW,ODODIW,10.1039/C3CE41105B,test,excluded_train_source_overlap,source DOI group also present in training
mofsimplify_solvent_val_00199_OLANEW,OLANEW,10.1021/acs.cgd.6b00176,test,excluded_train_source_overlap,source DOI group also present in training
mofsimplify_solvent_val_00201_OMITUB,OMITUB,10.1038/srep25595,test,excluded_train_source_overlap,source DOI group also present in training
mofsimplify_solvent_val_00206_OSIXIY,OSIXIY,10.1021/cg101435b,test,excluded_train_source_overlap,source DOI group also present in training
mofsimplify_solvent_val_00209_OTUDIS,OTUDIS,10.1021/acs.inorgchem.6b00865,test,excluded_train_source_overlap,source DOI group also present in training
mofsimplify_solvent_val_00216_OWUWUA,OWUWUA,10.1039/C6RA18817F,test,excluded_train_source_overlap,source DOI group also present in training
mofsimplify_solvent_val_00218_OZUKUR01,OZUKUR01,10.1039/C4TA05794E,test,excluded_train_source_overlap,source DOI group also present in training
mofsimplify_solvent_val_00221_PEPLEC,PEPLEC,10.1002/anie.200602556,test,excluded_train_source_overlap,source DOI group also present in training
mofsimplify_solvent_val_00226_PUDSIR01,PUDSIR01,10.1021/cg9000736,test,excluded_train_source_overlap,source DOI group also present in training
mofsimplify_solvent_val_00227_PUDSOX,PUDSOX,10.1021/cg9000736,test,excluded_train_source_overlap,source DOI group also present in training
mofsimplify_solvent_val_00230_QAQSAD,QAQSAD,10.1021/ja0523082,test,excluded_train_source_overlap,source DOI group also present in training
mofsimplify_solvent_val_00232_QODPOQ,QODPOQ,10.1039/C3DT53580K,test,excluded_train_source_overlap,source DOI group also present in training
mofsimplify_solvent_val_00233_QOFBIY,QOFBIY,10.1039/C3DT53580K,test,excluded_train_source_overlap,source DOI group also present in training
mofsimplify_solvent_val_00234_QOFCIZ,QOFCIZ,10.1039/C3DT53580K,test,excluded_train_source_overlap,source DOI group also present in training
mofsimplify_solvent_val_00235_QOFDIA03,QOFDIA03,10.1039/C3DT53580K,test,excluded_train_source_overlap,source DOI group also present in training
mofsimplify_solvent_val_00236_QOFDIA05,QOFDIA05,10.1039/C3DT53580K,test,excluded_train_source_overlap,source DOI group also present in training
mofsimplify_solvent_val_00243_REHVAD,REHVAD,10.1039/c2ce26533h,test,excluded_train_source_overlap,source DOI group also present in training
mofsimplify_solvent_val_00244_XEHSAF,XEHSAF,10.1021/ic060543v,test,excluded_train_source_overlap,source DOI group also present in training
mofsimplify_solvent_val_00246_REYBAA,REYBAA,10.1039/c3ce26864k,test,excluded_train_source_overlap,source DOI group also present in training
mofsimplify_solvent_val_00247_REYCEF,REYCEF,10.1039/c3ce26864k,test,excluded_train_source_overlap,source DOI group also present in training
mofsimplify_solvent_val_00249_REYPES,REYPES,10.1039/C3CE26854C,test,excluded_train_source_overlap,source DOI group also present in training
mofsimplify_solvent_val_00251_ROQFUA04,ROQFUA04,10.1021/cg5004676,test,excluded_train_source_overlap,source DOI group also present in training
mofsimplify_solvent_val_00252_ROQNES03,ROQNES03,10.1021/cg5004676,test,excluded_train_source_overlap,source DOI group also present in training
mofsimplify_solvent_val_00253_ROQNES04,ROQNES04,10.1021/cg5004676,test,excluded_train_source_overlap,source DOI group also present in training
mofsimplify_solvent_val_00254_TECTUS,TECTUS,10.1039/c2cc34006b,test,excluded_train_source_overlap,source DOI group also present in training
mofsimplify_solvent_val_00255_RUWZOA,RUWZOA,10.1039/C5CE01577D,test,excluded_train_source_overlap,source DOI group also present in training
mofsimplify_solvent_val_00257_SEJBAL,SEJBAL,10.1021/ic0520418,test,excluded_train_source_overlap,source DOI group also present in training
mofsimplify_solvent_val_00259_SETXEW,SETXEW,10.1039/c3ce40210j,test,excluded_train_source_overlap,source DOI group also present in training
mofsimplify_solvent_val_00264_SUGDIJ,SUGDIJ,10.1021/ja512311a,test,excluded_train_source_overlap,source DOI group also present in training
mofsimplify_solvent_val_00268_TAQGOK,TAQGOK,10.1021/acs.cgd.6b01881,test,excluded_train_source_overlap,source DOI group also present in training
mofsimplify_solvent_val_00273_TOVKIA,TOVKIA,10.1038/ncomms6723,test,excluded_train_source_overlap,source DOI group also present in training
mofsimplify_solvent_val_00274_TOWNEA,TOWNEA,10.1038/ncomms6723,test,excluded_train_source_overlap,source DOI group also present in training
mofsimplify_solvent_val_00275_TOWNUQ,TOWNUQ,10.1038/ncomms6723,test,excluded_train_source_overlap,source DOI group also present in training
mofsimplify_solvent_val_00276_TUTJAU,TUTJAU,10.1002/chem.200903129,test,excluded_train_source_overlap,source DOI group also present in training
mofsimplify_solvent_val_00279_UFEMIC,UFEMIC,10.1021/ic800164b,test,excluded_train_source_overlap,source DOI group also present in training
mofsimplify_solvent_val_00282_UKUPIB,UKUPIB,10.1021/acs.chemmater.5b04075,test,excluded_train_source_overlap,source DOI group also present in training
mofsimplify_solvent_val_00283_UMESIQ,UMESIQ,10.1039/C6CE00321D,test,excluded_train_source_overlap,source DOI group also present in training
mofsimplify_solvent_val_00287_UTACOJ,UTACOJ,10.1021/acs.cgd.6b01052,test,excluded_train_source_overlap,source DOI group also present in training
mofsimplify_solvent_val_00292_VALXIS,VALXIS,10.1021/jacs.5b13491,test,excluded_train_source_overlap,source DOI group also present in training
mofsimplify_solvent_val_00293_VAPBIZ,VAPBIZ,10.1039/c1dt11825k,test,excluded_train_source_overlap,source DOI group also present in training
mofsimplify_solvent_val_00304_VEHKIE,VEHKIE,10.1039/c2ce25343g,test,excluded_train_source_overlap,source DOI group also present in training
mofsimplify_solvent_val_00305_VIWMAR,VIWMAR,10.1021/cg4008679,test,excluded_train_source_overlap,source DOI group also present in training
mofsimplify_solvent_val_00306_VIWMOF,VIWMOF,10.1039/C4CE00028E,test,excluded_train_source_overlap,source DOI group also present in training
mofsimplify_solvent_val_00310_WEDXAG,WEDXAG,10.1039/c2ce25214g,test,excluded_train_source_overlap,source DOI group also present in training
mofsimplify_solvent_val_00320_XALBIW,XALBIW,10.1021/ic0486872,test,excluded_train_source_overlap,source DOI group also present in training
mofsimplify_solvent_val_00321_XALBOC,XALBOC,10.1021/ic0486872,test,excluded_train_source_overlap,source DOI group also present in training
mofsimplify_solvent_val_00322_XALCUJ,XALCUJ,10.1021/ic0486872,test,excluded_train_source_overlap,source DOI group also present in training
mofsimplify_solvent_val_00325_XILTAP,XILTAP,10.1002/chem.201302025,test,excluded_train_source_overlap,source DOI group also present in training
mofsimplify_solvent_val_00330_XOVVIO,XOVVIO,10.1021/cg701164u,test,excluded_train_source_overlap,source DOI group also present in training
mofsimplify_solvent_val_00336_YOBYEV,YOBYEV,10.1002/chem.201303434,test,excluded_train_source_overlap,source DOI group also present in training
mofsimplify_solvent_val_00337_YOCDUR,YOCDUR,10.1002/chem.201303434,test,excluded_train_source_overlap,source DOI group also present in training
mofsimplify_solvent_val_00338_YOYRIP,YOYRIP,10.1021/cg500833s,test,excluded_train_source_overlap,source DOI group also present in training
mofsimplify_solvent_test_00001_ABAYOU,ABAYOU,10.1021/acs.cgd.6b00776,test,excluded_train_source_overlap,source DOI group also present in training
mofsimplify_solvent_test_00005_ADUWON,ADUWON,10.1002/chem.201300144,test,excluded_train_source_overlap,source DOI group also present in training
mofsimplify_solvent_test_00012_OWIKAI,OWIKAI,10.1021/jacs.6b05345,test,excluded_train_source_overlap,source DOI group also present in training
mofsimplify_solvent_test_00022_QERZUI01,QERZUI01,10.1039/b200213b,test,excluded_train_source_overlap,source DOI group also present in training
mofsimplify_solvent_test_00023_UFUNIS,UFUNIS,10.1039/b200213b,test,excluded_train_source_overlap,source DOI group also present in training
mofsimplify_solvent_test_00024_BAKGAX,BAKGAX,10.1039/c1dt11590a,test,excluded_train_source_overlap,source DOI group also present in training
mofsimplify_solvent_test_00027_BEPVOJ01,BEPVOJ01,10.1039/c3sc00016h,test,excluded_train_source_overlap,source DOI group also present in training
mofsimplify_solvent_test_00028_BEPVOJ,BEPVOJ,10.1039/c3sc00016h,test,excluded_train_source_overlap,source DOI group also present in training
mofsimplify_solvent_test_00030_BIYTOU,BIYTOU,10.1039/C4CE00300D,test,excluded_train_source_overlap,source DOI group also present in training
mofsimplify_solvent_test_00031_BIYVEM,BIYVEM,10.1039/C4CE00300D,test,excluded_train_source_overlap,source DOI group also present in training
mofsimplify_solvent_test_00032_BUKMUQ01,BUKMUQ01,10.1039/C4CE00300D,test,excluded_train_source_overlap,source DOI group also present in training
mofsimplify_solvent_test_00033_BIZLUT,BIZLUT,10.1002/chem.201402255,test,excluded_train_source_overlap,source DOI group also present in training
mofsimplify_solvent_test_00056_CUKXOW,CUKXOW,10.1021/cg900518s,test,excluded_train_source_overlap,source DOI group also present in training
mofsimplify_solvent_test_00057_FUTZOK,FUTZOK,10.1021/cg900518s,test,excluded_train_source_overlap,source DOI group also present in training
mofsimplify_solvent_test_00060_DADPAC,DADPAC,10.1021/acs.cgd.6b01576,test,excluded_train_source_overlap,source DOI group also present in training
mofsimplify_solvent_test_00063_DAWBIO,DAWBIO,10.1021/cg201447c,test,excluded_train_source_overlap,source DOI group also present in training
mofsimplify_solvent_test_00067_DIPMAS,DIPMAS,10.1021/cm302381k,test,excluded_train_source_overlap,source DOI group also present in training
mofsimplify_solvent_test_00068_DIVPUU,DIVPUU,10.1021/ic701412q,test,excluded_train_source_overlap,source DOI group also present in training
mofsimplify_solvent_test_00072_DUNXUH02,DUNXUH02,10.1039/C5DT01560J,test,excluded_train_source_overlap,source DOI group also present in training
mofsimplify_solvent_test_00076_EHAGIF,EHAGIF,10.1002/cplu.201402121,test,excluded_train_source_overlap,source DOI group also present in training
mofsimplify_solvent_test_00079_EKOPOK,EKOPOK,10.1039/c0dt00390e,test,excluded_train_source_overlap,source DOI group also present in training
mofsimplify_solvent_test_00080_ELUJEC,ELUJEC,10.1039/C6DT01360K,test,excluded_train_source_overlap,source DOI group also present in training
mofsimplify_solvent_test_00081_EMIGIR,EMIGIR,10.1002/anie.201006531,test,excluded_train_source_overlap,source DOI group also present in training
mofsimplify_solvent_test_00082_EMIHAK,EMIHAK,10.1002/anie.201006531,test,excluded_train_source_overlap,source DOI group also present in training
mofsimplify_solvent_test_00086_ERUNIQ,ERUNIQ,10.1002/chem.201601826,test,excluded_train_source_overlap,source DOI group also present in training
mofsimplify_solvent_test_00089_ETEJIX,ETEJIX,10.1039/c1ce05069a,test,excluded_train_source_overlap,source DOI group also present in training
mofsimplify_solvent_test_00096_EZOBUR02,EZOBUR02,10.1021/ic200362c,test,excluded_train_source_overlap,source DOI group also present in training
mofsimplify_solvent_test_00097_FAGMEI,FAGMEI,10.1039/C5CE02310F,test,excluded_train_source_overlap,source DOI group also present in training
mofsimplify_solvent_test_00100_FEZCUJ,FEZCUJ,10.1021/ic040113+,test,excluded_train_source_overlap,source DOI group also present in training
mofsimplify_solvent_test_00102_FOWTOC,FOWTOC,10.1021/cg501211f,test,excluded_train_source_overlap,source DOI group also present in training
mofsimplify_solvent_test_00107_GAGTAM,GAGTAM,10.1021/acs.cgd.5b01746,test,excluded_train_source_overlap,source DOI group also present in training
mofsimplify_solvent_test_00111_GAMTEU,GAMTEU,10.1021/cg049600q,test,excluded_train_source_overlap,source DOI group also present in training
mofsimplify_solvent_test_00112_GAMVAS,GAMVAS,10.1021/cg049600q,test,excluded_train_source_overlap,source DOI group also present in training
mofsimplify_solvent_test_00114_GARLOD,GARLOD,10.1021/acs.cgd.7b00112,test,excluded_train_source_overlap,source DOI group also present in training
mofsimplify_solvent_test_00115_GARMAQ,GARMAQ,10.1021/acs.cgd.7b00112,test,excluded_train_source_overlap,source DOI group also present in training
mofsimplify_solvent_test_00120_GITVEL01,GITVEL01,10.1126/science.1152516,test,excluded_train_source_overlap,source DOI group also present in training
mofsimplify_solvent_test_00121_GITWIQ,GITWIQ,10.1126/science.1152516,test,excluded_train_source_overlap,source DOI group also present in training
mofsimplify_solvent_test_00126_HAJLEK,HAJLEK,10.1039/b409543j,test,excluded_train_source_overlap,source DOI group also present in training
mofsimplify_solvent_test_00127_HAJLIO,HAJLIO,10.1039/b409543j,test,excluded_train_source_overlap,source DOI group also present in training
mofsimplify_solvent_test_00128_HALVAU,HALVAU,10.1039/C6DT04270H,test,excluded_train_source_overlap,source DOI group also present in training
mofsimplify_solvent_test_00129_HAKSAQ,HAKSAQ,10.1021/jacs.6b07901,test,excluded_train_source_overlap,source DOI group also present in training
mofsimplify_solvent_test_00130_HAKSIY,HAKSIY,10.1021/jacs.6b07901,test,excluded_train_source_overlap,source DOI group also present in training
mofsimplify_solvent_test_00131_HAKTAR,HAKTAR,10.1021/jacs.6b07901,test,excluded_train_source_overlap,source DOI group also present in training
mofsimplify_solvent_test_00132_HAKVOH,HAKVOH,10.1021/jacs.6b07901,test,excluded_train_source_overlap,source DOI group also present in training
mofsimplify_solvent_test_00133_HAKVUN,HAKVUN,10.1021/jacs.6b07901,test,excluded_train_source_overlap,source DOI group also present in training
mofsimplify_solvent_test_00141_HUNFIH,HUNFIH,10.1039/C5RA09339B,test,excluded_train_source_overlap,source DOI group also present in training
mofsimplify_solvent_test_00144_HUZYAE,HUZYAE,10.1002/asia.201500332,test,excluded_train_source_overlap,source DOI group also present in training
mofsimplify_solvent_test_00159_JAKBIJ,JAKBIJ,10.1039/C6TC05105G,test,excluded_train_source_overlap,source DOI group also present in training
mofsimplify_solvent_test_00160_JAKBOP01,JAKBOP01,10.1039/C6TC05105G,test,excluded_train_source_overlap,source DOI group also present in training
mofsimplify_solvent_test_00162_UVASAM01,UVASAM01,10.1021/ja500005k,test,excluded_train_source_overlap,source DOI group also present in training
mofsimplify_solvent_test_00167_KARLUM,KARLUM,10.1038/ncomms1654,test,excluded_train_source_overlap,source DOI group also present in training
mofsimplify_solvent_test_00169_KASRAZ,KASRAZ,10.1021/ja209327q,test,excluded_train_source_overlap,source DOI group also present in training
mofsimplify_solvent_test_00174_LEYREO,LEYREO,10.1002/ejic.201201275,test,excluded_train_source_overlap,source DOI group also present in training
mofsimplify_solvent_test_00175_LIBQIY,LIBQIY,10.1002/ejic.201201275,test,excluded_train_source_overlap,source DOI group also present in training
mofsimplify_solvent_test_00177_LIQFEY,LIQFEY,10.1021/cg301224z,test,excluded_train_source_overlap,source DOI group also present in training
mofsimplify_solvent_test_00182_KINPUU,KINPUU,10.1021/cg400182u,test,excluded_train_source_overlap,source DOI group also present in training
mofsimplify_solvent_test_00184_KIXXOG,KIXXOG,10.1039/C3CE42208A,test,excluded_train_source_overlap,source DOI group also present in training
mofsimplify_solvent_test_00185_KIYMEM,KIYMEM,10.1039/C3CE42208A,test,excluded_train_source_overlap,source DOI group also present in training
mofsimplify_solvent_test_00189_KONFEA,KONFEA,10.1039/C4CE00858H,test,excluded_train_source_overlap,source DOI group also present in training
mofsimplify_solvent_test_00191_KOVJAI01,KOVJAI01,10.1039/C4DT02343A,test,excluded_train_source_overlap,source DOI group also present in training
mofsimplify_solvent_test_00192_KOZSID,KOZSID,10.1021/cg501324r,test,excluded_train_source_overlap,source DOI group also present in training
mofsimplify_solvent_test_00195_LAVTOT,LAVTOT,10.1021/ic101294s,test,excluded_train_source_overlap,source DOI group also present in training
mofsimplify_solvent_test_00213_MAXHOJ,MAXHOJ,10.1021/ja054913a,test,excluded_train_source_overlap,source DOI group also present in training
mofsimplify_solvent_test_00216_MEGBAD,MEGBAD,10.1021/ja303728c,test,excluded_train_source_overlap,source DOI group also present in training
mofsimplify_solvent_test_00219_MOCKAR,MOCKAR,10.1021/cm800403d,test,excluded_train_source_overlap,source DOI group also present in training
mofsimplify_solvent_test_00223_MUDTEL,MUDTEL,10.1039/b909250a,test,excluded_train_source_overlap,source DOI group also present in training
mofsimplify_solvent_test_00228_NADZEZ,NADZEZ,10.1039/b917515f,test,excluded_train_source_overlap,source DOI group also present in training
mofsimplify_solvent_test_00229_NAGQOD,NAGQOD,10.1021/ic902548f,test,excluded_train_source_overlap,source DOI group also present in training
mofsimplify_solvent_test_00230_NAHGUB,NAHGUB,10.1039/C5CE02096D,test,excluded_train_source_overlap,source DOI group also present in training
mofsimplify_solvent_test_00231_NAJTAW,NAJTAW,10.1002/ejic.201501113,test,excluded_train_source_overlap,source DOI group also present in training
mofsimplify_solvent_test_00233_NARPUU,NARPUU,10.1039/C7DT00215G,test,excluded_train_source_overlap,source DOI group also present in training
mofsimplify_solvent_test_00234_NASRIL,NASRIL,10.1021/acs.cgd.7b00118,test,excluded_train_source_overlap,source DOI group also present in training
mofsimplify_solvent_test_00235_NASROR,NASROR,10.1021/acs.cgd.7b00118,test,excluded_train_source_overlap,source DOI group also present in training
mofsimplify_solvent_test_00236_NATKOL,NATKOL,10.1039/C7CE00100B,test,excluded_train_source_overlap,source DOI group also present in training
mofsimplify_solvent_test_00240_NERVOV,NERVOV,10.1021/ic010528k,test,excluded_train_source_overlap,source DOI group also present in training
mofsimplify_solvent_test_00245_NIZZAY,NIZZAY,10.1021/ja7111564,test,excluded_train_source_overlap,source DOI group also present in training
mofsimplify_solvent_test_00248_OCUPUY,OCUPUY,10.1021/ic0517422,test,excluded_train_source_overlap,source DOI group also present in training
mofsimplify_solvent_test_00249_OCUQOT,OCUQOT,10.1021/ic0517422,test,excluded_train_source_overlap,source DOI group also present in training
mofsimplify_solvent_test_00250_OCUSIP,OCUSIP,10.1021/ic0517422,test,excluded_train_source_overlap,source DOI group also present in training
mofsimplify_solvent_test_00251_ODODES,ODODES,10.1039/C3CE41105B,test,excluded_train_source_overlap,source DOI group also present in training
mofsimplify_solvent_test_00255_OJICUG,OJICUG,10.1002/chem.201000926,test,excluded_train_source_overlap,source DOI group also present in training
mofsimplify_solvent_test_00256_OKIWUB02,OKIWUB02,10.1021/ja101807c,test,excluded_train_source_overlap,source DOI group also present in training
mofsimplify_solvent_test_00263_OPURIB,OPURIB,10.1021/ja101208s,test,excluded_train_source_overlap,source DOI group also present in training
mofsimplify_solvent_test_00265_OSIWUJ,OSIWUJ,10.1021/cg101435b,test,excluded_train_source_overlap,source DOI group also present in training
mofsimplify_solvent_test_00267_OWIYUP,OWIYUP,10.1021/ic1009169,test,excluded_train_source_overlap,source DOI group also present in training
mofsimplify_solvent_test_00269_PAPVAF,PAPVAF,10.1021/cg201210p,test,excluded_train_source_overlap,source DOI group also present in training
mofsimplify_solvent_test_00271_RUPVAB,RUPVAB,10.1039/C5CC05097A,test,excluded_train_source_overlap,source DOI group also present in training
mofsimplify_solvent_test_00273_PEPLOM,PEPLOM,10.1002/anie.200602556,test,excluded_train_source_overlap,source DOI group also present in training
mofsimplify_solvent_test_00278_POHLOP,POHLOP,10.1021/cg401452p,test,excluded_train_source_overlap,source DOI group also present in training
mofsimplify_solvent_test_00281_PUFXUL,PUFXUL,10.1002/chem.201405395,test,excluded_train_source_overlap,source DOI group also present in training
mofsimplify_solvent_test_00285_QAPPUT,QAPPUT,10.1021/cg049808b,test,excluded_train_source_overlap,source DOI group also present in training
mofsimplify_solvent_test_00286_QARTEK,QARTEK,10.1002/ejic.201101229,test,excluded_train_source_overlap,source DOI group also present in training
mofsimplify_solvent_test_00292_QODHUO01,QODHUO01,10.1039/C3DT53580K,test,excluded_train_source_overlap,source DOI group also present in training
mofsimplify_solvent_test_00293_QODHUO08,QODHUO08,10.1039/C3DT53580K,test,excluded_train_source_overlap,source DOI group also present in training
mofsimplify_solvent_test_00294_QODHUO,QODHUO,10.1039/C3DT53580K,test,excluded_train_source_overlap,source DOI group also present in training
mofsimplify_solvent_test_00295_QOFDIA01,QOFDIA01,10.1039/C3DT53580K,test,excluded_train_source_overlap,source DOI group also present in training
mofsimplify_solvent_test_00299_QUFGIH,QUFGIH,10.1039/b008728i,test,excluded_train_source_overlap,source DOI group also present in training
mofsimplify_solvent_test_00311_REJLIC,REJLIC,10.1002/ejic.200501121,test,excluded_train_source_overlap,source DOI group also present in training
mofsimplify_solvent_test_00312_REJVOS,REJVOS,10.1021/ic060543v,test,excluded_train_source_overlap,source DOI group also present in training
mofsimplify_solvent_test_00313_XEHRUY,XEHRUY,10.1021/ic060543v,test,excluded_train_source_overlap,source DOI group also present in training
mofsimplify_solvent_test_00314_XEHSUZ,XEHSUZ,10.1021/ic060543v,test,excluded_train_source_overlap,source DOI group also present in training
mofsimplify_solvent_test_00319_ROQDIM01,ROQDIM01,10.1021/cg5004676,test,excluded_train_source_overlap,source DOI group also present in training
mofsimplify_solvent_test_00320_ROQMER01,ROQMER01,10.1021/cg5004676,test,excluded_train_source_overlap,source DOI group also present in training
mofsimplify_solvent_test_00321_ROQMER02,ROQMER02,10.1021/cg5004676,test,excluded_train_source_overlap,source DOI group also present in training
mofsimplify_solvent_test_00322_ROQMER,ROQMER,10.1021/cg5004676,test,excluded_train_source_overlap,source DOI group also present in training
mofsimplify_solvent_test_00323_ROQNES01,ROQNES01,10.1021/cg5004676,test,excluded_train_source_overlap,source DOI group also present in training
mofsimplify_solvent_test_00328_SEYDUW,SEYDUW,10.1021/cg060248l,test,excluded_train_source_overlap,source DOI group also present in training
mofsimplify_solvent_test_00329_SEYFAE,SEYFAE,10.1021/cg060248l,test,excluded_train_source_overlap,source DOI group also present in training
mofsimplify_solvent_test_00330_SOCLAZ,SOCLAZ,10.1021/cg401599x,test,excluded_train_source_overlap,source DOI group also present in training
mofsimplify_solvent_test_00333_SUJRIZ,SUJRIZ,10.1002/anie.200905898,test,excluded_train_source_overlap,source DOI group also present in training
mofsimplify_solvent_test_00339_TIGQOR,TIGQOR,10.1039/c2dt12106a,test,excluded_train_source_overlap,source DOI group also present in training
mofsimplify_solvent_test_00343_TOVHUJ,TOVHUJ,10.1038/ncomms6723,test,excluded_train_source_overlap,source DOI group also present in training
mofsimplify_solvent_test_00344_TOVJOF,TOVJOF,10.1038/ncomms6723,test,excluded_train_source_overlap,source DOI group also present in training
mofsimplify_solvent_test_00345_TOVKOG,TOVKOG,10.1038/ncomms6723,test,excluded_train_source_overlap,source DOI group also present in training
mofsimplify_solvent_test_00346_TOWLIC,TOWLIC,10.1038/ncomms6723,test,excluded_train_source_overlap,source DOI group also present in training
mofsimplify_solvent_test_00347_TOWNOK,TOWNOK,10.1038/ncomms6723,test,excluded_train_source_overlap,source DOI group also present in training
mofsimplify_solvent_test_00348_TOWPEC,TOWPEC,10.1038/ncomms6723,test,excluded_train_source_overlap,source DOI group also present in training
mofsimplify_solvent_test_00349_TUKDAG,TUKDAG,10.1039/C5RA06072A,test,excluded_train_source_overlap,source DOI group also present in training
mofsimplify_solvent_test_00350_TUTHIA,TUTHIA,10.1002/chem.200903129,test,excluded_train_source_overlap,source DOI group also present in training
mofsimplify_solvent_test_00351_TUVDUJ,TUVDUJ,10.1002/anie.200390248,test,excluded_train_source_overlap,source DOI group also present in training
mofsimplify_solvent_test_00355_UKIQOV,UKIQOV,10.1021/ic100378p,test,excluded_train_source_overlap,source DOI group also present in training
mofsimplify_solvent_test_00357_UMELAB,UMELAB,10.1039/C6CE00321D,test,excluded_train_source_overlap,source DOI group also present in training
mofsimplify_solvent_test_00365_VALXEO,VALXEO,10.1021/jacs.5b13491,test,excluded_train_source_overlap,source DOI group also present in training
mofsimplify_solvent_test_00372_XUJPOI,XUJPOI,10.1039/B902223F,test,excluded_train_source_overlap,source DOI group also present in training
mofsimplify_solvent_test_00373_XUJQAV,XUJQAV,10.1039/B902223F,test,excluded_train_source_overlap,source DOI group also present in training
mofsimplify_solvent_test_00382_WEDWUZ,WEDWUZ,10.1039/c2ce25214g,test,excluded_train_source_overlap,source DOI group also present in training
mofsimplify_solvent_test_00385_WITJUG,WITJUG,10.1021/cg401587r,test,excluded_train_source_overlap,source DOI group also present in training
mofsimplify_solvent_test_00395_XAKZAL,XAKZAL,10.1021/ic0486872,test,excluded_train_source_overlap,source DOI group also present in training
mofsimplify_solvent_test_00396_XAKZUF,XAKZUF,10.1021/ic0486872,test,excluded_train_source_overlap,source DOI group also present in training
mofsimplify_solvent_test_00397_XALBAO,XALBAO,10.1021/ic0486872,test,excluded_train_source_overlap,source DOI group also present in training
mofsimplify_solvent_test_00398_XALDEU,XALDEU,10.1021/ic0486872,test,excluded_train_source_overlap,source DOI group also present in training
mofsimplify_solvent_test_00399_XALDIY,XALDIY,10.1021/ic0486872,test,excluded_train_source_overlap,source DOI group also present in training
mofsimplify_solvent_test_00406_XILVIZ,XILVIZ,10.1002/chem.201302025,test,excluded_train_source_overlap,source DOI group also present in training
mofsimplify_solvent_test_00408_XOQXOR,XOQXOR,10.1021/om800678g,test,excluded_train_source_overlap,source DOI group also present in training
mofsimplify_solvent_test_00409_XOVVOU,XOVVOU,10.1021/cg701164u,test,excluded_train_source_overlap,source DOI group also present in training
mofsimplify_solvent_test_00416_YAZYIJ,YAZYIJ,10.1039/c2dt31090b,test,excluded_train_source_overlap,source DOI group also present in training
mofsimplify_solvent_test_00417_YAZZAC,YAZZAC,10.1039/c2dt31090b,test,excluded_train_source_overlap,source DOI group also present in training
mofsimplify_solvent_test_00420_YINDOQ,YINDOQ,10.1039/C3CE41801D,test,excluded_train_source_overlap,source DOI group also present in training
mofsimplify_solvent_test_00421_YODWUL,YODWUL,10.1039/C4CE00017J,test,excluded_train_source_overlap,source DOI group also present in training
mofsimplify_solvent_test_00424_YOYQUA,YOYQUA,10.1021/cg500833s,test,excluded_train_source_overlap,source DOI group also present in training
mofsimplify_solvent_test_00430_YUDFIO,YUDFIO,10.1039/C4QI00193A,test,excluded_train_source_overlap,source DOI group also present in training
